Date,Open,High,Low,Close,Adj Close
2015/12/14,19.2,19.4,19.1,19.3,19.3
2015/12/15,19.5,19.5,19.4,19.4,19.4
2015/12/16,19.9,19.9,19.8,19.9,19.9
2015/12/17,20.3,20.3,20.1,20.2,20.2
2015/12/18,19.7,19.7,19.5,19.6,19.6
2015/12/21,19.0,19.2,19.0,19.2,19.2
2015/12/22,19.5,19.5,19.4,19.4,19.4
2015/12/23,19.6,19.8,19.6,19.7,19.7
2015/12/24,20.1,20.2,20.0,20.0,20.0
2015/12/25,20.0,20.0,20.0,20.0,20.0
2015/12/28,20.0,20.1,20.0,20.0,20.0
2015/12/29,20.0,20.1,20.0,20.0,20.0
2015/12/30,20.4,20.5,20.4,20.4,20.4
2015/12/31,20.1,20.2,20.1,20.2,20.2
2016/01/04,20.0,20.0,19.5,19.5,19.5
2016/01/05,19.4,19.5,19.4,19.4,19.4
2016/01/06,19.5,19.5,19.0,19.2,19.2
2016/01/07,19.0,19.1,18.6,18.6,18.6
2016/01/08,18.2,18.5,18.1,18.4,18.4
2016/01/11,17.6,17.7,17.4,17.7,17.7
2016/01/12,17.8,17.8,17.6,17.6,17.6
2016/01/13,18.0,18.3,18.0,18.2,18.2
2016/01/14,17.1,17.3,17.0,17.2,17.2
2016/01/15,17.7,17.8,17.4,17.4,17.4
2016/01/18,17.0,17.2,17.0,17.2,17.2
2016/01/19,17.2,17.4,17.1,17.4,17.4
2016/01/20,16.8,17.0,16.4,16.5,16.5
2016/01/21,16.7,17.1,16.7,16.8,16.8
2016/01/22,17.0,17.1,16.8,17.1,17.1
2016/01/25,17.4,17.5,17.4,17.5,17.5
2016/01/26,17.0,17.0,16.8,16.9,16.9
2016/01/27,17.2,17.3,17.1,17.3,17.3
2016/01/28,17.1,17.3,17.0,17.2,17.2
2016/01/29,17.2,17.5,17.1,17.4,17.4
2016/01/30,17.9,18.0,17.8,18.0,18.0
2016/02/01,18.0,18.0,17.8,17.9,17.9
2016/02/02,17.8,17.9,17.8,17.8,17.8
2016/02/03,17.1,17.3,17.1,17.3,17.3
2016/02/15,17.2,17.2,16.8,16.9,16.9
2016/02/16,17.2,17.2,17.0,17.2,17.2
2016/02/17,17.2,17.2,17.0,17.1,17.1
2016/02/18,17.8,17.9,17.7,17.9,17.9
2016/02/19,17.9,17.9,17.5,17.7,17.7
2016/02/22,17.7,17.8,17.7,17.8,17.8
2016/02/23,18.0,18.0,17.8,17.8,17.8
2016/02/24,17.6,17.7,17.5,17.6,17.6
2016/02/25,17.7,17.9,17.7,17.8,17.8
2016/02/26,18.2,18.3,18.2,18.2,18.2
2016/03/01,17.8,18.0,17.7,17.8,17.8
2016/03/02,18.6,18.8,18.5,18.8,18.8
2016/03/03,18.8,18.8,18.7,18.8,18.8
2016/03/04,18.8,18.8,18.8,18.8,18.8
2016/03/07,17.8,18.8,17.8,18.8,18.8
2016/03/08,18.8,18.8,18.7,18.8,18.8
2016/03/09,18.4,18.7,18.4,18.7,18.7
2016/03/10,18.7,18.9,18.7,18.8,18.8
2016/03/11,18.8,19.0,18.8,19.0,19.0
2016/03/14,19.2,19.3,19.2,19.2,19.2
2016/03/15,19.2,19.3,19.2,19.2,19.2
2016/03/16,19.2,19.5,19.2,19.3,19.3
2016/03/17,19.4,19.5,19.4,19.4,19.4
2016/03/18,19.4,19.6,19.4,19.6,19.6
2016/03/21,19.6,19.6,19.5,19.6,19.6
2016/03/22,19.6,19.8,19.6,19.8,19.8
2016/03/23,19.8,19.8,19.6,19.7,19.7
2016/03/24,19.4,19.5,19.4,19.5,19.5
2016/03/25,19.7,19.7,19.6,19.6,19.6
2016/03/28,19.7,19.8,19.7,19.7,19.7
2016/03/29,19.6,19.6,19.6,19.6,19.6
2016/03/30,19.8,19.9,19.8,19.8,19.8
2016/03/31,19.9,19.9,19.8,19.9,19.9
2016/04/01,19.9,19.9,19.7,19.8,19.8
2016/04/06,19.6,19.9,19.6,19.8,19.8
2016/04/07,20.0,20.0,20.0,20.0,20.0
2016/04/08,19.7,19.8,19.6,19.8,19.8
2016/04/11,19.8,19.8,19.6,19.7,19.7
2016/04/12,19.6,19.6,19.6,19.6,19.6
2016/04/13,19.8,20.1,19.8,20.0,20.0
2016/04/14,20.2,20.3,20.2,20.3,20.3
2016/04/15,20.3,20.4,20.3,20.4,20.4
2016/04/18,20.3,20.3,20.0,20.1,20.1
2016/04/19,20.5,20.6,20.5,20.5,20.5
2016/04/20,20.5,20.5,20.4,20.5,20.5
2016/04/21,20.6,20.8,20.6,20.8,20.8
2016/04/22,20.5,20.5,20.4,20.5,20.5
2016/04/25,20.5,20.6,20.5,20.5,20.5
2016/04/26,20.5,20.6,20.4,20.5,20.5
2016/04/27,20.5,20.5,20.4,20.4,20.4
2016/04/28,20.6,20.7,20.4,20.4,20.4
2016/04/29,20.2,20.2,20.1,20.2,20.2
2016/05/03,20.2,20.2,20.2,20.2,20.2
2016/05/04,20.0,20.0,19.8,19.9,19.9
2016/05/05,19.8,19.9,19.8,19.9,19.9
2016/05/06,19.8,19.8,19.7,19.7,19.7
2016/05/09,19.9,19.9,19.9,19.9,19.9
2016/05/10,19.9,20.0,19.9,20.0,20.0
2016/05/11,20.4,20.5,20.3,20.4,20.4
2016/05/12,20.2,20.2,20.1,20.2,20.2
2016/05/13,20.0,20.0,20.0,20.0,20.0
2016/05/16,19.8,19.9,19.8,19.8,19.8
2016/05/17,20.1,20.2,20.1,20.1,20.1
2016/05/18,19.8,19.8,19.8,19.8,19.8
2016/05/19,19.8,19.8,19.7,19.7,19.7
2016/05/20,19.9,19.9,19.8,19.8,19.8
2016/05/23,19.9,20.0,19.9,20.0,20.0
2016/05/24,19.8,19.9,19.8,19.8,19.8
2016/05/25,20.4,20.5,20.4,20.5,20.5
2016/05/26,20.6,20.6,20.5,20.6,20.6
2016/05/27,20.7,20.7,20.6,20.6,20.6
2016/05/30,20.8,21.0,20.8,20.9,20.9
2016/05/31,20.8,20.9,20.8,20.9,20.9
2016/06/01,20.8,20.8,20.7,20.7,20.7
2016/06/02,20.7,20.7,20.7,20.7,20.7
2016/06/03,20.9,20.9,20.9,20.9,20.9
2016/06/04,20.7,20.7,20.6,20.7,20.7
2016/06/06,20.6,20.7,20.6,20.7,20.7
2016/06/07,20.9,20.9,20.8,20.9,20.9
2016/06/08,20.9,20.9,20.8,20.8,20.8
2016/06/13,20.6,20.6,20.4,20.5,20.5
2016/06/14,20.4,20.4,20.3,20.3,20.3
2016/06/15,20.2,20.3,20.2,20.2,20.2
2016/06/16,20.2,20.2,20.0,20.0,20.0
2016/06/17,20.3,20.4,20.3,20.3,20.3
2016/06/20,20.4,20.5,20.4,20.5,20.5
2016/06/21,20.4,20.4,20.4,20.4,20.4
2016/06/22,20.3,20.4,20.3,20.4,20.4
2016/06/23,20.4,20.5,20.4,20.4,20.4
2016/06/24,20.4,20.5,18.8,18.9,18.9
2016/06/27,18.9,19.2,18.9,19.2,19.2
2016/06/28,18.9,19.1,18.8,19.0,19.0
2016/06/29,19.2,19.6,19.2,19.5,19.5
2016/06/30,20.0,20.1,20.0,20.0,20.0
2016/07/01,20.5,20.5,20.5,20.5,20.5
2016/07/04,20.6,20.7,20.6,20.7,20.7
2016/07/05,20.6,20.6,20.5,20.6,20.6
2016/07/06,20.3,20.3,20.1,20.2,20.2
2016/07/07,20.6,20.7,20.6,20.6,20.6
2016/07/11,21.1,21.3,21.1,21.3,21.3
2016/07/12,21.3,21.3,21.3,21.3,21.3
2016/07/13,21.5,21.6,21.5,21.5,21.5
2016/07/14,21.6,21.6,21.5,21.5,21.5
2016/07/15,21.7,21.8,21.6,21.7,21.7
2016/07/18,21.7,21.7,21.6,21.7,21.7
2016/07/19,21.7,21.7,21.7,21.7,21.7
2016/07/20,21.7,21.7,21.7,21.7,21.7
2016/07/21,21.8,21.9,21.8,21.9,21.9
2016/07/22,21.7,21.8,21.7,21.7,21.7
2016/07/25,21.9,22.0,21.8,21.9,21.9
2016/07/26,21.8,21.9,21.8,21.9,21.9
2016/07/27,21.9,21.9,21.9,21.9,21.9
2016/07/28,21.9,21.9,21.8,21.9,21.9
2016/07/29,21.8,21.8,21.7,21.7,21.7
2016/08/01,21.8,21.9,21.8,21.9,21.9
2016/08/02,21.7,21.8,21.7,21.7,21.7
2016/08/03,21.5,21.5,21.4,21.4,21.4
2016/08/04,21.3,21.6,21.3,21.6,21.6
2016/08/05,21.5,21.6,21.5,21.6,21.6
2016/08/08,21.6,21.8,21.6,21.8,21.8
2016/08/09,21.8,21.8,21.8,21.8,21.8
2016/08/10,21.7,21.7,21.7,21.7,21.7
2016/08/11,21.6,21.6,21.5,21.5,21.5
2016/08/12,21.7,21.7,21.7,21.7,21.7
2016/08/15,21.7,21.8,21.7,21.8,21.8
2016/08/16,21.8,21.8,21.8,21.8,21.8
2016/08/17,21.7,21.7,21.6,21.7,21.7
2016/08/18,21.7,21.8,21.7,21.8,21.8
2016/08/19,21.8,21.9,21.8,21.9,21.9
2016/08/22,21.9,21.9,21.9,21.9,21.9
2016/08/23,21.9,21.9,21.9,21.9,21.9
2016/08/24,22.0,22.0,21.9,22.0,22.0
2016/08/25,21.8,21.8,21.8,21.8,21.8
2016/08/26,21.8,21.8,21.7,21.8,21.8
2016/08/29,21.7,21.7,21.7,21.7,21.7
2016/08/30,21.8,21.9,21.8,21.9,21.9
2016/08/31,21.8,21.8,21.8,21.8,21.8
2016/09/01,21.7,21.8,21.7,21.8,21.8
2016/09/02,21.7,21.7,21.6,21.6,21.6
2016/09/05,21.8,21.9,21.8,21.9,21.9
2016/09/06,21.8,21.8,21.7,21.8,21.8
2016/09/07,21.9,21.9,21.8,21.8,21.8
2016/09/08,21.8,21.8,21.8,21.8,21.8
2016/09/09,21.8,21.8,21.7,21.7,21.7
2016/09/10,21.4,21.4,21.0,21.0,21.0
2016/09/12,20.8,20.8,20.5,20.6,20.6
2016/09/13,21.1,21.3,21.1,21.2,21.2
2016/09/14,21.1,21.1,20.9,21.0,21.0
2016/09/19,21.0,21.1,21.0,21.1,21.1
2016/09/20,21.1,21.1,21.0,21.0,21.0
2016/09/21,21.0,21.1,20.9,21.1,21.1
2016/09/22,21.2,21.3,21.2,21.3,21.3
2016/09/23,21.5,21.6,21.5,21.5,21.5
2016/09/26,21.3,21.4,21.3,21.4,21.4
2016/09/29,21.5,21.5,21.5,21.5,21.5
2016/09/30,21.2,21.2,21.1,21.1,21.1
2016/10/03,21.4,21.5,21.4,21.4,21.4
2016/10/04,21.3,21.3,21.3,21.3,21.3
2016/10/05,21.1,21.1,21.0,21.1,21.1
2016/10/06,21.2,21.3,21.2,21.3,21.3
2016/10/07,21.1,21.3,21.1,21.2,21.2
2016/10/11,21.3,21.4,21.3,21.4,21.4
2016/10/12,21.0,21.1,21.0,21.1,21.1
2016/10/13,21.0,21.0,20.6,20.7,20.7
2016/10/14,20.8,20.9,20.8,20.8,20.8
2016/10/17,20.8,20.8,20.8,20.8,20.8
2016/10/18,20.8,20.9,20.8,20.9,20.9
2016/10/19,20.9,21.0,20.9,20.9,20.9
2016/10/20,21.0,21.1,21.0,21.1,21.1
2016/10/21,20.9,21.0,20.9,20.9,20.9
2016/10/24,21.1,21.1,21.0,21.0,21.0
2016/10/25,20.2,21.2,20.0,21.2,21.2
2016/10/26,20.8,21.0,20.8,20.9,20.9
2016/10/27,21.0,21.0,20.8,20.8,20.8
2016/10/28,20.8,20.8,20.8,20.8,20.8
2016/10/31,20.6,20.8,20.6,20.8,20.8
2016/11/01,20.8,20.8,20.8,20.8,20.8
2016/11/02,20.4,20.4,20.2,20.2,20.2
2016/11/03,20.1,20.1,20.0,20.0,20.0
2016/11/04,20.0,20.0,20.0,20.0,20.0
2016/11/07,20.4,20.4,20.4,20.4,20.4
2016/11/08,20.7,20.9,20.7,20.9,20.9
2016/11/09,21.2,21.2,18.8,19.1,19.1
2016/11/10,21.0,21.4,21.0,21.4,21.4
2016/11/11,21.6,21.6,21.4,21.5,21.5
2016/11/14,21.6,21.8,21.6,21.8,21.8
2016/11/15,21.8,21.8,21.5,21.6,21.6
2016/11/16,21.9,22.0,21.9,21.9,21.9
2016/11/17,21.8,21.9,21.8,21.8,21.8
2016/11/18,22.0,22.0,21.9,22.0,22.0
2016/11/21,22.0,22.0,21.9,22.0,22.0
2016/11/22,22.3,22.4,22.2,22.4,22.4
2016/11/23,22.5,22.5,22.4,22.4,22.4
2016/11/24,22.4,22.4,22.2,22.3,22.3
2016/11/25,22.5,22.5,22.4,22.4,22.4
2016/11/28,22.4,22.5,22.4,22.5,22.5
2016/11/29,22.4,22.4,22.2,22.3,22.3
2016/11/30,22.3,22.4,22.3,22.4,22.4
2016/12/01,22.4,22.5,22.4,22.4,22.4
2016/12/02,22.3,22.3,22.1,22.1,22.1
2016/12/05,22.1,22.2,22.1,22.2,22.2
2016/12/06,22.3,22.5,22.3,22.4,22.4
2016/12/07,22.5,22.5,22.5,22.5,22.5
2016/12/08,23.0,23.2,22.9,23.1,23.1
2016/12/09,23.1,23.3,23.0,23.3,23.3
2016/12/12,23.3,23.7,23.3,23.6,23.6
2016/12/13,23.4,23.5,23.4,23.5,23.5
2016/12/14,23.8,23.9,23.8,23.8,23.8
2016/12/15,23.4,23.6,23.4,23.5,23.5
2016/12/16,23.7,23.7,23.5,23.7,23.7
2016/12/19,23.4,23.6,23.4,23.6,23.6
2016/12/20,23.6,23.6,23.6,23.6,23.6
2016/12/21,23.7,23.8,23.7,23.8,23.8
2016/12/22,23.8,23.8,23.5,23.6,23.6
2016/12/23,23.5,23.7,23.5,23.7,23.7
2016/12/26,23.6,23.6,23.6,23.6,23.6
2016/12/27,23.6,23.7,23.6,23.7,23.7
2016/12/28,23.8,24.0,23.8,23.9,23.9
2016/12/29,23.7,23.7,23.5,23.5,23.5
2016/12/30,23.5,23.5,23.5,23.5,23.5
2017/01/03,23.4,23.5,23.4,23.5,23.5
2017/01/04,24.0,24.0,23.6,23.6,23.6
2017/01/05,23.5,23.7,23.5,23.7,23.7
2017/01/06,23.7,23.7,23.7,23.7,23.7
2017/01/09,23.9,23.9,23.8,23.9,23.9
2017/01/10,23.8,23.8,23.6,23.6,23.6
2017/01/11,23.7,23.7,23.5,23.6,23.6
2017/01/12,23.6,23.8,23.6,23.7,23.7
2017/01/13,23.7,23.7,23.7,23.7,23.7
2017/01/16,23.7,23.7,23.6,23.6,23.6
2017/01/17,23.6,23.6,23.6,23.6,23.6
2017/01/18,23.2,23.4,23.2,23.4,23.4
2017/01/19,23.3,23.6,23.3,23.6,23.6
2017/01/20,23.6,23.6,23.6,23.6,23.6
2017/01/23,23.6,23.6,23.5,23.5,23.5
2017/01/24,23.5,23.5,23.5,23.5,23.5
2017/02/02,23.3,23.4,23.2,23.2,23.2
2017/02/03,23.4,23.4,23.3,23.3,23.3
2017/02/06,23.5,23.8,23.5,23.6,23.6
2017/02/07,23.7,23.7,23.7,23.7,23.7
2017/02/08,23.7,23.8,23.7,23.7,23.7
2017/02/09,23.8,23.8,23.7,23.8,23.8
2017/02/10,24.0,24.0,24.0,24.0,24.0
2017/02/13,24.3,24.4,24.2,24.4,24.4
2017/02/14,24.5,24.5,24.4,24.5,24.5
2017/02/15,24.6,24.7,24.6,24.6,24.6
2017/02/16,24.7,24.9,24.7,24.9,24.9
2017/02/17,24.8,24.9,24.7,24.8,24.8
2017/02/18,24.8,25.0,24.8,24.9,24.9
2017/02/20,24.9,24.9,24.8,24.8,24.8
2017/02/21,24.8,25.0,24.8,25.0,25.0
2017/02/22,25.2,25.2,25.0,25.1,25.1
2017/02/23,25.1,25.1,24.9,25.0,25.0
2017/02/24,25.0,25.0,25.0,25.0,25.0
2017/03/01,25.0,25.2,25.0,25.2,25.2
2017/03/02,25.8,25.8,25.6,25.8,25.8
2017/03/03,25.6,25.6,25.4,25.4,25.4
2017/03/06,25.6,25.6,25.4,25.6,25.6
2017/03/07,25.5,25.5,25.4,25.5,25.5
2017/03/08,25.2,25.2,25.0,25.0,25.0
2017/03/09,25.2,25.3,25.2,25.2,25.2
2017/03/10,25.5,25.6,25.4,25.4,25.4
2017/03/13,25.5,25.5,25.4,25.5,25.5
2017/03/14,25.5,25.5,25.4,25.5,25.5
2017/03/15,25.3,25.4,25.3,25.4,25.4
2017/03/16,25.4,25.7,25.4,25.6,25.6
2017/03/17,25.5,25.5,25.5,25.5,25.5
2017/03/20,25.3,25.3,25.2,25.3,25.3
2017/03/21,25.2,25.3,25.1,25.3,25.3
2017/03/22,24.5,24.5,24.4,24.5,24.5
2017/03/23,24.6,24.8,24.6,24.7,24.7
2017/03/24,24.8,24.8,24.8,24.8,24.8
2017/03/27,24.4,24.4,24.2,24.3,24.3
2017/03/28,24.4,24.6,24.4,24.6,24.6
2017/03/29,24.7,24.8,24.7,24.8,24.8
2017/03/30,24.8,25.0,24.8,24.9,24.9
2017/03/31,25.1,25.1,25.0,25.0,25.0
2017/04/05,25.0,25.1,24.9,24.9,24.9
2017/04/06,24.4,24.6,24.4,24.6,24.6
2017/04/07,25.0,25.0,24.6,24.9,24.9
2017/04/10,25.1,25.1,25.1,25.1,25.1
2017/04/11,24.9,24.9,24.9,24.9,24.9
2017/04/12,24.7,24.8,24.7,24.8,24.8
2017/04/13,24.4,24.4,24.4,24.4,24.4
2017/04/14,24.6,24.6,24.0,24.2,24.2
2017/04/17,24.1,24.1,24.1,24.1,24.1
2017/04/18,24.4,24.6,24.4,24.6,24.6
2017/04/19,24.3,24.4,24.3,24.4,24.4
2017/04/20,24.3,24.3,24.3,24.3,24.3
2017/04/21,24.6,24.7,24.6,24.7,24.7
2017/04/24,25.0,25.0,24.9,25.0,25.0
2017/04/25,25.1,25.1,25.1,25.1,25.1
2017/04/26,25.2,25.2,25.2,25.2,25.2
2017/04/27,25.0,25.3,25.0,25.3,25.3
2017/04/28,25.3,25.3,25.2,25.2,25.2
2017/05/02,25.2,25.2,25.2,25.2,25.2
2017/05/03,25.2,25.2,25.2,25.2,25.2
2017/05/04,25.2,25.2,25.2,25.2,25.2
2017/05/05,25.1,25.2,25.1,25.2,25.2
2017/05/08,25.3,25.7,25.3,25.4,25.4
2017/05/09,25.5,25.5,25.4,25.4,25.4
2017/05/10,25.4,25.4,25.4,25.4,25.4
2017/05/11,25.5,25.5,25.4,25.4,25.4
2017/05/12,25.4,25.4,25.4,25.4,25.4
2017/05/15,25.3,25.4,25.3,25.4,25.4
2017/05/16,25.6,25.6,25.6,25.6,25.6
2017/05/17,25.6,25.6,25.6,25.6,25.6
2017/05/18,24.6,24.9,24.6,24.9,24.9
2017/05/19,24.7,25.0,24.7,25.0,25.0
2017/05/22,25.0,25.0,25.0,25.0,25.0
2017/05/23,25.2,25.3,25.2,25.3,25.3
2017/05/24,25.4,25.5,25.4,25.5,25.5
2017/05/25,25.6,25.8,25.6,25.7,25.7
2017/05/26,26.0,26.0,25.7,25.9,25.9
2017/05/31,26.0,26.0,25.9,25.9,25.9
2017/06/01,25.6,25.8,25.6,25.8,25.8
2017/06/02,26.2,26.2,26.2,26.2,26.2
2017/06/03,26.2,26.5,26.0,26.0,26.0
2017/06/05,26.2,26.2,26.2,26.2,26.2
2017/06/06,26.2,26.2,26.2,26.2,26.2
2017/06/07,26.2,26.2,26.1,26.1,26.1
2017/06/08,26.1,26.1,26.1,26.1,26.1
2017/06/09,26.0,26.0,26.0,26.0,26.0
2017/06/12,26.0,26.1,26.0,26.0,26.0
2017/06/13,26.1,26.1,26.1,26.1,26.1
2017/06/14,26.3,26.3,26.3,26.3,26.3
2017/06/15,26.3,26.3,26.3,26.3,26.3
2017/06/16,26.3,26.4,26.3,26.4,26.4
2017/06/19,26.4,26.4,26.4,26.4,26.4
2017/06/20,26.7,26.7,26.7,26.7,26.7
2017/06/21,26.6,26.6,26.6,26.6,26.6
2017/06/22,26.3,26.3,26.3,26.3,26.3
2017/06/23,26.4,26.4,26.4,26.4,26.4
2017/06/26,26.5,26.5,26.5,26.5,26.5
2017/06/27,26.5,26.5,26.5,26.5,26.5
2017/06/28,26.2,26.2,26.1,26.2,26.2
2017/06/29,26.4,26.4,26.4,26.4,26.4
2017/06/30,26.2,26.2,26.1,26.2,26.2
2017/07/03,26.2,26.2,26.2,26.2,26.2
2017/07/04,26.2,26.2,26.2,26.2,26.2
2017/07/05,26.2,26.3,26.2,26.3,26.3
2017/07/06,26.3,26.3,26.3,26.3,26.3
2017/07/07,26.0,26.0,25.9,25.9,25.9
2017/07/10,26.2,26.3,26.2,26.3,26.3
2017/07/11,26.3,26.3,26.3,26.3,26.3
2017/07/12,26.2,26.2,26.2,26.2,26.2
2017/07/13,26.5,26.5,26.5,26.5,26.5
2017/07/14,26.6,26.6,26.6,26.6,26.6
2017/07/17,26.8,26.9,26.8,26.9,26.9
2017/07/18,26.9,26.9,26.9,26.9,26.9
2017/07/19,27.0,27.0,27.0,27.0,27.0
2017/07/20,27.2,27.2,27.2,27.2,27.2
2017/07/21,27.2,27.2,27.2,27.2,27.2
2017/07/24,27.2,27.2,27.1,27.1,27.1
2017/07/25,26.9,26.9,26.9,26.9,26.9
2017/07/26,27.2,27.2,27.2,27.2,27.2
2017/07/27,27.2,27.2,27.2,27.2,27.2
2017/07/28,27.0,27.0,27.0,27.0,27.0
2017/07/31,27.1,27.1,27.1,27.1,27.1
2017/08/01,27.1,27.2,27.1,27.2,27.2
2017/08/02,27.2,27.2,27.2,27.2,27.2
2017/08/03,27.2,27.2,27.2,27.2,27.2
2017/08/04,27.0,27.0,27.0,27.0,27.0
2017/08/07,27.2,27.2,27.2,27.2,27.2
2017/08/08,27.2,27.2,27.2,27.2,27.2
2017/08/09,26.9,26.9,26.9,26.9,26.9
2017/08/10,26.9,27.0,26.9,27.0,27.0
2017/08/11,26.2,26.4,26.2,26.4,26.4
2017/08/14,26.6,26.6,26.6,26.6,26.6
2017/08/15,27.0,27.0,27.0,27.0,27.0
2017/08/16,27.0,27.0,27.0,27.0,27.0
2017/08/17,27.0,27.0,27.0,27.0,27.0
2017/08/18,26.3,26.3,26.3,26.3,26.3
2017/08/21,26.2,26.2,26.1,26.2,26.2
2017/08/22,26.3,26.3,26.2,26.3,26.3
2017/08/23,26.6,26.7,26.6,26.6,26.6
2017/08/24,26.4,26.4,26.4,26.4,26.4
2017/08/25,26.5,26.5,26.5,26.5,26.5
2017/08/28,26.4,26.4,26.3,26.3,26.3
2017/08/29,26.2,26.2,26.1,26.1,26.1
2017/08/30,26.5,26.6,26.5,26.6,26.6
2017/08/31,26.7,26.8,26.7,26.7,26.7
2017/09/01,27.0,27.0,27.0,27.0,27.0
2017/09/04,26.9,26.9,26.9,26.9,26.9
2017/09/05,26.9,26.9,26.9,26.9,26.9
2017/09/06,26.6,26.7,26.6,26.7,26.7
2017/09/07,26.7,26.7,26.7,26.7,26.7
2017/09/08,26.7,26.7,26.6,26.6,26.6
2017/09/11,26.7,27.0,26.7,27.0,27.0
2017/09/12,27.1,27.2,27.1,27.2,27.2
2017/09/13,27.4,27.4,27.4,27.4,27.4
2017/09/14,27.4,27.4,27.4,27.4,27.4
2017/09/15,27.4,27.4,27.4,27.4,27.4
2017/09/18,27.5,27.7,27.5,27.7,27.7
2017/09/19,27.7,27.7,27.7,27.7,27.7
2017/09/20,27.6,27.6,27.6,27.6,27.6
2017/09/21,27.6,27.6,27.6,27.6,27.6
2017/09/22,27.6,27.6,27.6,27.6,27.6
2017/09/25,27.6,27.6,27.6,27.6,27.6
2017/09/26,27.3,27.6,27.3,27.6,27.6
2017/09/27,27.6,27.6,27.6,27.6,27.6
2017/09/28,27.7,27.8,27.7,27.8,27.8
2017/09/29,27.7,27.9,27.7,27.9,27.9
2017/09/30,28.4,28.4,28.0,28.0,28.0
2017/10/02,28.1,28.1,28.1,28.1,28.1
2017/10/03,28.1,28.2,28.1,28.2,28.2
2017/10/05,28.3,28.3,28.3,28.3,28.3
2017/10/06,28.6,28.7,28.6,28.7,28.7
2017/10/11,28.8,28.8,28.8,28.8,28.8
2017/10/12,28.8,28.8,28.8,28.8,28.8
2017/10/13,28.8,28.8,28.5,28.6,28.6
2017/10/16,28.8,28.8,28.8,28.8,28.8
2017/10/17,28.8,28.9,28.8,28.9,28.9
2017/10/18,28.9,28.9,28.9,28.9,28.9
2017/10/19,28.9,28.9,28.9,28.9,28.9
2017/10/20,28.9,28.9,28.9,28.9,28.9
2017/10/23,29.3,29.3,29.3,29.3,29.3
2017/10/24,29.1,29.1,29.1,29.1,29.1
2017/10/25,29.1,29.1,29.1,29.1,29.1
2017/10/26,29.0,29.0,29.0,29.0,29.0
2017/10/27,29.1,29.1,29.1,29.1,29.1
2017/10/30,29.3,29.3,29.2,29.3,29.3
2017/10/31,29.2,29.2,29.1,29.2,29.2
2017/11/01,29.4,29.4,29.2,29.2,29.2
2017/11/02,29.2,29.2,29.2,29.2,29.2
2017/11/03,29.3,29.4,29.3,29.4,29.4
2017/11/06,29.5,29.5,29.4,29.4,29.4
2017/11/07,29.6,29.6,29.6,29.6,29.6
2017/11/08,29.5,29.5,29.5,29.5,29.5
2017/11/09,29.7,29.7,29.7,29.7,29.7
2017/11/10,29.5,29.5,29.4,29.4,29.4
2017/11/13,29.3,29.5,29.3,29.5,29.5
2017/11/14,29.5,29.5,29.5,29.5,29.5
2017/11/15,29.2,29.2,29.2,29.2,29.2
2017/11/16,29.0,29.2,29.0,29.2,29.2
2017/11/17,29.4,29.4,29.4,29.4,29.4
2017/11/20,29.3,29.3,29.2,29.2,29.2
2017/11/21,29.2,29.2,29.2,29.2,29.2
2017/11/22,29.6,29.6,29.6,29.6,29.6
2017/11/23,29.5,29.6,29.5,29.6,29.6
2017/11/24,29.4,29.7,29.4,29.7,29.7
2017/11/27,29.8,29.8,29.7,29.7,29.7
2017/11/28,29.8,29.8,29.8,29.8,29.8
2017/11/29,30.3,30.3,30.2,30.3,30.3
2017/11/30,30.4,30.4,30.4,30.4,30.4
2017/12/01,30.6,30.7,30.6,30.7,30.7
2017/12/04,31.0,31.3,31.0,31.2,31.2
2017/12/05,30.7,30.7,30.5,30.7,30.7
2017/12/06,30.4,30.4,30.4,30.4,30.4
2017/12/07,30.5,30.5,30.5,30.5,30.5
2017/12/08,30.6,30.6,30.6,30.6,30.6
2017/12/11,30.9,30.9,30.9,30.9,30.9
2017/12/12,31.1,31.1,31.1,31.1,31.1
2017/12/13,31.3,31.3,31.0,31.2,31.2
2017/12/14,31.2,31.2,31.2,31.2,31.2
2017/12/15,31.1,31.1,31.0,31.0,31.0
2017/12/18,31.8,31.8,31.6,31.7,31.7
2017/12/19,32.0,32.0,31.9,32.0,32.0
2017/12/20,31.9,31.9,31.8,31.8,31.8
2017/12/21,31.6,31.6,31.5,31.5,31.5
2017/12/22,31.7,31.7,31.7,31.7,31.7
2017/12/25,31.6,31.6,31.6,31.6,31.6
2017/12/26,31.7,31.7,31.6,31.6,31.6
2017/12/27,31.7,31.7,31.7,31.7,31.7
2017/12/28,31.7,31.7,31.7,31.7,31.7
2017/12/29,31.7,31.7,31.7,31.7,31.7
2018/01/02,31.6,31.6,31.4,31.4,31.4
2018/01/03,31.9,31.9,31.9,31.9,31.9
2018/01/04,32.2,32.2,32.0,32.1,32.1
2018/01/05,32.3,32.4,32.3,32.3,32.3
2018/01/08,32.7,32.8,32.7,32.7,32.7
2018/01/09,32.7,32.9,32.7,32.9,32.9
2018/01/10,33.0,33.0,32.9,32.9,32.9
2018/01/11,32.9,32.9,32.9,32.9,32.9
2018/01/12,33.5,33.5,33.3,33.4,33.4
2018/01/15,33.8,34.2,33.8,34.0,34.0
2018/01/16,34.1,34.1,34.0,34.0,34.0
2018/01/17,33.8,33.9,33.6,33.6,33.6
2018/01/18,34.4,34.4,34.2,34.2,34.2
2018/01/19,34.2,34.2,34.0,34.0,34.0
2018/01/22,34.2,34.3,34.2,34.2,34.2
2018/01/23,34.9,35.0,34.8,35.0,35.0
2018/01/24,35.1,35.1,34.9,35.0,35.0
2018/01/25,34.9,35.0,34.9,35.0,35.0
2018/01/26,35.0,35.0,35.0,35.0,35.0
2018/01/29,35.7,35.9,35.7,35.8,35.8
2018/01/30,35.4,35.4,34.9,35.0,35.0
2018/01/31,34.8,34.8,34.5,34.7,34.7
2018/02/01,34.8,34.8,34.7,34.7,34.7
2018/02/02,34.7,34.7,34.3,34.4,34.4
2018/02/05,32.7,32.9,32.5,32.9,32.9
2018/02/06,30.0,30.0,27.6,28.7,28.7
2018/02/07,30.0,30.5,29.7,30.1,30.1
2018/02/08,30.2,30.5,30.2,30.5,30.5
2018/02/09,29.3,29.3,28.8,29.2,29.2
2018/02/12,29.3,29.9,29.3,29.8,29.8
2018/02/21,31.5,31.5,30.9,30.9,30.9
2018/02/22,30.9,30.9,30.2,30.8,30.8
2018/02/23,31.4,31.4,31.4,31.4,31.4
2018/02/26,32.1,32.5,32.1,32.5,32.5
2018/02/27,33.0,33.1,33.0,33.0,33.0
2018/03/01,31.8,31.8,31.4,31.5,31.5
2018/03/02,31.2,31.2,30.6,30.8,30.8
2018/03/05,30.9,31.0,30.6,30.6,30.6
2018/03/06,31.2,31.8,31.2,31.7,31.7
2018/03/07,31.2,31.3,31.1,31.1,31.1
2018/03/08,31.7,31.9,31.6,31.9,31.9
2018/03/09,32.6,32.6,32.0,32.0,32.0
2018/03/12,33.2,33.5,33.2,33.5,33.5
2018/03/13,33.4,33.4,33.2,33.3,33.3
2018/03/14,32.7,32.7,32.5,32.7,32.7
2018/03/15,32.3,32.5,32.3,32.5,32.5
2018/03/16,32.4,32.4,32.2,32.4,32.4
2018/03/19,32.4,32.4,32.2,32.2,32.2
2018/03/20,31.7,31.7,31.4,31.6,31.6
2018/03/21,31.6,31.7,31.6,31.7,31.7
2018/03/22,31.7,31.7,31.3,31.3,31.3
2018/03/23,29.1,29.5,29.1,29.4,29.4
2018/03/26,29.0,29.2,29.0,29.2,29.2
2018/03/27,30.0,30.4,29.9,30.4,30.4
2018/03/28,29.2,29.2,28.9,28.9,28.9
2018/03/29,28.9,29.0,28.8,28.8,28.8
2018/03/30,29.2,29.5,29.2,29.3,29.3
2018/03/31,29.3,29.4,29.3,29.4,29.4
2018/04/02,29.4,29.5,29.4,29.5,29.5
2018/04/03,28.4,28.5,28.3,28.3,28.3
2018/04/09,28.7,29.1,28.7,29.0,29.0
2018/04/10,29.0,29.8,29.0,29.8,29.8
2018/04/11,29.7,29.7,29.6,29.7,29.7
2018/04/12,29.7,29.7,29.5,29.5,29.5
2018/04/13,29.8,29.9,29.5,29.8,29.8
2018/04/16,30.1,30.2,29.9,30.1,30.1
2018/04/17,30.4,30.6,30.4,30.6,30.6
2018/04/18,31.0,31.3,31.0,31.3,31.3
2018/04/19,31.2,31.3,31.1,31.3,31.3
2018/04/20,30.8,30.8,30.5,30.8,30.8
2018/04/23,30.5,30.5,30.4,30.4,30.4
2018/04/24,30.1,30.5,30.1,30.3,30.3
2018/04/25,29.7,29.7,29.4,29.5,29.5
2018/04/26,29.9,30.0,29.7,29.7,29.7
2018/04/27,30.3,30.3,30.2,30.3,30.3
2018/04/30,30.3,30.4,30.3,30.4,30.4
2018/05/02,29.9,29.9,29.8,29.9,29.9
2018/05/03,29.5,29.5,29.4,29.4,29.4
2018/05/04,29.5,29.5,29.3,29.3,29.3
2018/05/07,29.9,30.3,29.9,30.3,30.3
2018/05/08,30.4,30.4,30.0,30.1,30.1
2018/05/09,30.2,30.3,30.2,30.3,30.3
2018/05/10,31.0,31.0,30.7,30.9,30.9
2018/05/11,31.6,31.6,31.4,31.5,31.5
2018/05/14,31.6,31.9,31.6,31.9,31.9
2018/05/15,31.7,31.7,31.4,31.4,31.4
2018/05/16,31.1,31.2,31.1,31.2,31.2
2018/05/17,31.3,31.6,31.3,31.4,31.4
2018/05/18,31.4,31.4,31.4,31.4,31.4
2018/05/21,31.4,31.8,31.4,31.8,31.8
2018/05/22,31.8,31.8,31.6,31.6,31.6
2018/05/23,31.5,31.5,31.5,31.5,31.5
2018/05/24,31.5,31.5,31.4,31.5,31.5
2018/05/25,31.5,31.7,31.5,31.7,31.7
2018/05/28,31.6,31.6,31.6,31.6,31.6
2018/05/29,31.3,31.3,31.3,31.3,31.3
2018/05/30,30.5,30.7,30.4,30.7,30.7
2018/05/31,31.2,31.4,31.2,31.4,31.4
2018/06/01,31.1,31.1,31.0,31.0,31.0
2018/06/04,31.5,31.8,31.5,31.7,31.7
2018/06/05,31.8,31.8,31.8,31.8,31.8
2018/06/06,31.9,32.1,31.9,32.1,32.1
2018/06/07,32.3,32.5,32.3,32.5,32.5
2018/06/08,32.4,32.5,32.4,32.4,32.4
2018/06/11,32.4,32.8,32.4,32.7,32.7
2018/06/12,32.8,33.0,32.8,32.8,32.8
2018/06/13,32.9,32.9,32.8,32.8,32.8
2018/06/14,32.6,32.6,32.5,32.6,32.6
2018/06/15,32.7,32.8,32.7,32.8,32.8
2018/06/19,32.3,32.3,32.1,32.1,32.1
2018/06/20,32.4,32.7,32.4,32.7,32.7
2018/06/21,32.8,32.8,32.7,32.8,32.8
2018/06/22,32.2,32.4,32.2,32.4,32.4
2018/06/25,32.0,32.1,32.0,32.1,32.1
2018/06/26,31.7,31.7,31.4,31.6,31.6
2018/06/27,31.6,31.6,31.5,31.6,31.6
2018/06/28,31.3,31.3,31.2,31.2,31.2
2018/06/29,31.5,31.8,31.5,31.8,31.8
2018/07/02,31.6,31.6,31.3,31.3,31.3
2018/07/03,31.7,31.7,31.6,31.6,31.6
2018/07/04,31.6,31.6,31.6,31.6,31.6
2018/07/05,31.4,31.4,31.4,31.4,31.4
2018/07/06,32.0,32.0,31.8,32.0,32.0
2018/07/09,32.5,32.7,32.5,32.7,32.7
2018/07/10,33.2,33.2,33.0,33.1,33.1
2018/07/11,32.6,32.7,32.6,32.7,32.7
2018/07/12,32.8,32.9,32.7,32.9,32.9
2018/07/13,33.5,33.5,33.3,33.4,33.4
2018/07/16,33.6,33.6,33.4,33.4,33.4
2018/07/17,33.2,33.2,33.1,33.2,33.2
2018/07/18,33.6,33.6,33.5,33.5,33.5
2018/07/19,33.6,33.8,33.6,33.7,33.7
2018/07/20,33.5,33.5,33.2,33.5,33.5
2018/07/23,33.3,33.4,33.2,33.4,33.4
2018/07/24,33.8,33.9,33.8,33.8,33.8
2018/07/25,33.7,33.7,33.7,33.7,33.7
2018/07/26,34.2,34.2,34.1,34.2,34.2
2018/07/27,34.3,34.4,34.3,34.3,34.3
2018/07/30,33.6,33.6,33.5,33.5,33.5
2018/07/31,33.5,33.5,33.5,33.5,33.5
2018/08/01,33.6,33.7,33.6,33.7,33.7
2018/08/02,33.7,33.7,33.7,33.7,33.7
2018/08/03,34.0,34.0,34.0,34.0,34.0
2018/08/06,34.3,34.5,34.3,34.5,34.5
2018/08/07,34.6,34.6,34.6,34.6,34.6
2018/08/08,34.8,34.8,34.8,34.8,34.8
2018/08/09,34.6,34.7,34.5,34.7,34.7
2018/08/10,34.5,34.6,34.5,34.5,34.5
2018/08/13,34.1,34.1,34.0,34.0,34.0
2018/08/14,34.1,34.1,34.1,34.1,34.1
2018/08/15,34.4,34.4,34.4,34.4,34.4
2018/08/16,34.1,34.1,34.1,34.1,34.1
2018/08/17,34.6,34.6,34.4,34.4,34.4
2018/08/20,34.7,34.8,34.7,34.7,34.7
2018/08/21,34.8,34.8,34.8,34.8,34.8
2018/08/22,34.5,34.7,34.5,34.7,34.7
2018/08/23,34.7,34.7,34.7,34.7,34.7
2018/08/24,34.8,34.8,34.8,34.8,34.8
2018/08/27,35.3,35.4,35.3,35.3,35.3
2018/08/28,35.8,35.8,35.8,35.8,35.8
2018/08/29,35.8,36.0,35.8,35.9,35.9
2018/08/30,36.1,36.1,36.0,36.0,36.0
2018/08/31,35.9,35.9,35.7,35.8,35.8
2018/09/03,35.8,35.8,35.8,35.8,35.8
2018/09/04,35.8,35.9,35.8,35.9,35.9
2018/09/05,35.8,35.8,35.8,35.8,35.8
2018/09/06,35.8,35.8,35.8,35.8,35.8
2018/09/07,35.3,35.3,35.1,35.1,35.1
2018/09/10,35.3,35.4,35.3,35.3,35.3
2018/09/11,35.4,35.4,35.3,35.3,35.3
2018/09/12,35.6,35.6,35.6,35.6,35.6
2018/09/13,35.6,35.6,35.5,35.5,35.5
2018/09/14,35.8,36.0,35.8,36.0,36.0
2018/09/17,35.9,35.9,35.8,35.9,35.9
2018/09/18,35.4,35.5,35.4,35.5,35.5
2018/09/19,35.8,36.0,35.8,36.0,36.0
2018/09/20,36.2,36.2,36.0,36.1,36.1
2018/09/21,36.6,36.8,36.6,36.6,36.6
2018/09/25,36.3,36.3,36.1,36.3,36.3
2018/09/26,36.3,36.3,36.1,36.2,36.2
2018/09/27,36.0,36.0,35.8,35.9,35.9
2018/09/28,36.0,36.2,36.0,36.1,36.1
2018/10/01,36.3,36.4,36.3,36.3,36.3
2018/10/02,36.1,36.2,36.1,36.2,36.2
2018/10/03,36.0,36.3,36.0,36.3,36.3
2018/10/04,36.2,36.2,35.9,36.0,36.0
2018/10/05,36.0,36.0,35.6,35.6,35.6
2018/10/08,35.4,35.4,35.3,35.4,35.4
2018/10/09,35.4,35.4,35.4,35.4,35.4
2018/10/11,32.7,32.7,32.0,32.0,32.0
2018/10/12,32.1,32.6,32.1,32.6,32.6
2018/10/15,32.2,32.3,32.1,32.2,32.2
2018/10/16,32.2,32.3,32.1,32.3,32.3
2018/10/17,33.7,33.7,33.5,33.6,33.6
2018/10/18,33.4,33.4,33.2,33.3,33.3
2018/10/19,32.6,32.8,32.6,32.8,32.8
2018/10/22,32.2,32.6,32.2,32.6,32.6
2018/10/23,31.9,31.9,31.5,31.5,31.5
2018/10/24,31.9,31.9,31.6,31.8,31.8
2018/10/25,30.0,30.3,30.0,30.0,30.0
2018/10/26,30.0,30.3,29.7,30.0,30.0
2018/10/29,29.7,30.0,29.7,29.8,29.8
2018/10/30,29.9,29.9,29.5,29.8,29.8
2018/10/31,30.3,30.5,30.3,30.5,30.5
2018/11/01,30.9,31.0,30.8,30.9,30.9
2018/11/02,30.2,31.6,30.2,31.6,31.6
2018/11/05,30.9,30.9,30.8,30.8,30.8
2018/11/06,31.5,31.5,31.2,31.4,31.4
2018/11/07,31.7,32.2,31.6,32.0,32.0
2018/11/08,33.0,33.2,32.9,32.9,32.9
2018/11/09,32.6,32.9,32.6,32.9,32.9
2018/11/12,32.2,32.6,32.2,32.6,32.6
2018/11/13,30.9,31.6,30.5,31.6,31.6
2018/11/14,31.4,31.4,31.1,31.1,31.1
2018/11/15,30.3,30.6,30.3,30.4,30.4
2018/11/16,30.7,31.0,30.7,30.8,30.8
2018/11/19,30.9,31.3,30.9,31.3,31.3
2018/11/20,30.3,30.3,30.2,30.2,30.2
2018/11/21,30.0,30.0,29.1,29.4,29.4
2018/11/22,29.4,29.4,29.3,29.3,29.3
2018/11/23,29.2,29.2,29.1,29.1,29.1
2018/11/26,29.0,29.2,29.0,29.2,29.2
2018/11/27,29.5,29.7,29.4,29.7,29.7
2018/11/28,30.0,30.1,29.8,29.9,29.9
2018/11/29,30.8,31.0,30.4,30.9,30.9
2018/11/30,31.1,31.2,30.9,31.2,31.2
2018/12/03,31.9,32.6,31.9,32.6,32.6
2018/12/04,31.9,32.0,31.6,31.6,31.6
2018/12/05,30.4,30.6,30.4,30.4,30.4
2018/12/06,30.0,30.0,29.4,29.5,29.5
2018/12/07,29.8,29.9,29.8,29.9,29.9
2018/12/10,28.6,28.6,28.4,28.5,28.5
2018/12/11,28.7,28.8,28.7,28.7,28.7
2018/12/12,28.8,29.2,28.8,29.2,29.2
2018/12/13,29.3,29.3,29.1,29.2,29.2
2018/12/14,29.0,29.0,28.6,28.6,28.6
2018/12/17,28.3,28.3,28.1,28.2,28.2
2018/12/18,27.4,27.4,27.0,27.1,27.1
2018/12/19,27.0,27.0,26.7,26.8,26.8
2018/12/20,26.1,26.4,25.2,25.2,25.2
2018/12/21,25.2,25.5,25.2,25.5,25.5
2018/12/22,25.0,25.0,24.5,24.8,24.8
2018/12/24,24.8,24.8,24.4,24.6,24.6
2018/12/25,24.5,24.5,23.1,23.5,23.5
2018/12/26,23.2,23.3,22.8,22.8,22.8
2018/12/27,24.8,25.4,24.6,25.4,25.4
2018/12/28,25.6,25.9,25.4,25.8,25.8
2019/01/02,26.0,28.0,25.5,25.7,25.7
2019/01/03,25.6,25.6,25.1,25.1,25.1
2019/01/04,24.6,25.1,24.6,25.0,25.0
2019/01/07,26.7,26.7,26.5,26.6,26.6
2019/01/08,26.6,27.0,26.6,26.9,26.9
2019/01/09,27.2,27.6,27.2,27.4,27.4
2019/01/10,27.0,27.3,27.0,27.2,27.2
2019/01/11,27.5,27.6,27.5,27.5,27.5
2019/01/14,27.3,27.3,27.0,27.3,27.3
2019/01/15,27.4,27.6,27.4,27.6,27.6
2019/01/16,27.7,28.0,27.7,28.0,28.0
2019/01/17,27.9,27.9,27.7,27.7,27.7
2019/01/18,28.3,28.6,28.3,28.4,28.4
2019/01/21,29.1,29.2,28.9,29.2,29.2
2019/01/22,29.2,29.2,28.7,28.7,28.7
2019/01/23,28.5,28.8,28.5,28.8,28.8
2019/01/24,28.8,28.8,28.6,28.8,28.8
2019/01/25,28.8,29.1,28.8,29.1,29.1
2019/01/28,29.2,29.2,29.1,29.1,29.1
2019/01/29,28.6,28.6,28.6,28.6,28.6
2019/01/30,28.8,28.9,28.6,28.8,28.8
2019/02/11,30.0,30.0,29.9,30.0,30.0
2019/02/12,30.2,30.6,30.2,30.6,30.6
2019/02/13,31.2,31.2,31.2,31.2,31.2
2019/02/14,31.1,31.3,31.1,31.2,31.2
2019/02/15,30.7,30.7,30.7,30.7,30.7
2019/02/18,31.7,31.8,31.7,31.8,31.8
2019/02/19,31.8,31.8,31.7,31.8,31.8
2019/02/20,31.9,31.9,31.8,31.8,31.8
2019/02/21,31.8,32.0,31.8,32.0,32.0
2019/02/22,31.8,31.8,31.7,31.7,31.7
2019/02/25,32.3,32.5,32.3,32.4,32.4
2019/02/26,32.2,32.2,31.4,31.8,31.8
2019/02/27,31.8,32.3,31.8,32.3,32.3
2019/03/04,33.2,33.2,33.1,33.1,33.1
2019/03/05,32.5,32.5,32.5,32.5,32.5
2019/03/06,32.4,32.4,32.3,32.3,32.3
2019/03/07,32.0,32.0,31.9,32.0,32.0
2019/03/08,31.5,31.5,31.3,31.4,31.4
2019/03/11,31.4,31.5,31.4,31.5,31.5
2019/03/12,32.5,32.6,32.5,32.6,32.6
2019/03/13,32.5,32.5,32.3,32.4,32.4
2019/03/14,33.0,33.0,33.0,33.0,33.0
2019/03/15,33.0,33.0,33.0,33.0,33.0
2019/03/18,33.2,33.3,33.2,33.3,33.3
2019/03/19,33.5,33.6,33.5,33.6,33.6
2019/03/20,33.3,33.4,33.2,33.4,33.4
2019/03/21,33.4,33.4,33.3,33.3,33.3
2019/03/22,34.0,34.0,33.9,33.9,33.9
2019/03/25,32.5,32.6,32.4,32.6,32.6
2019/03/26,32.8,33.0,32.8,33.0,33.0
2019/03/27,33.2,33.2,33.1,33.2,33.2
2019/03/28,32.6,32.7,32.6,32.6,32.6
2019/03/29,33.1,33.2,33.1,33.2,33.2
2019/04/01,33.8,34.0,33.8,33.9,33.9
2019/04/02,34.2,34.2,34.1,34.1,34.1
2019/04/03,34.3,34.4,34.3,34.4,34.4
2019/04/08,34.7,34.8,34.7,34.7,34.7
2019/04/09,34.8,34.8,34.7,34.8,34.8
2019/04/10,34.5,34.6,34.4,34.6,34.6
2019/04/11,34.9,34.9,34.7,34.7,34.7
2019/04/12,34.8,34.8,34.8,34.8,34.8
2019/04/15,35.2,35.3,35.1,35.2,35.2
2019/04/16,35.2,35.3,35.1,35.2,35.2
2019/04/17,35.3,35.3,35.2,35.2,35.2
2019/04/18,34.8,34.8,34.8,34.8,34.8
2019/04/19,35.1,35.1,35.1,35.1,35.1
2019/04/22,35.2,35.3,35.1,35.1,35.1
2019/04/23,35.1,35.2,35.1,35.2,35.2
2019/04/24,35.9,35.9,35.7,35.8,35.8
2019/04/25,35.8,35.8,35.8,35.8,35.8
2019/04/26,35.4,35.5,35.3,35.4,35.4
2019/04/29,36.0,36.0,35.9,36.0,36.0
2019/04/30,36.0,36.0,36.0,36.0,36.0
2019/05/02,35.6,35.6,35.6,35.6,35.6
2019/05/03,35.5,35.5,35.4,35.5,35.5
2019/05/06,34.7,35.0,34.6,34.9,34.9
2019/05/07,35.4,35.4,35.3,35.3,35.3
2019/05/08,34.8,34.9,34.8,34.9,34.9
2019/05/09,34.4,34.4,34.2,34.3,34.3
2019/05/10,34.6,34.6,34.0,34.1,34.1
2019/05/13,34.2,34.2,34.1,34.1,34.1
2019/05/14,33.0,33.4,33.0,33.4,33.4
2019/05/15,33.6,33.9,33.6,33.9,33.9
2019/05/16,33.9,33.9,33.8,33.9,33.9
2019/05/17,34.8,34.8,34.5,34.5,34.5
2019/05/20,34.8,34.8,34.6,34.7,34.7
2019/05/21,34.2,34.3,34.2,34.3,34.3
2019/05/22,34.7,34.7,34.6,34.6,34.6
2019/05/23,34.3,34.3,34.1,34.1,34.1
2019/05/24,33.7,33.8,33.7,33.7,33.7
2019/05/27,33.8,33.8,33.6,33.6,33.6
2019/05/28,33.9,33.9,33.9,33.9,33.9
2019/05/29,32.9,33.0,32.8,33.0,33.0
2019/05/30,32.7,32.8,32.7,32.8,32.8
2019/05/31,32.3,32.5,32.3,32.4,32.4
2019/06/03,31.7,31.7,31.5,31.6,31.6
2019/06/04,31.8,31.9,31.7,31.8,31.8
2019/06/05,33.2,33.3,33.2,33.2,33.2
2019/06/06,33.5,33.7,33.5,33.6,33.6
2019/06/10,34.8,35.0,34.8,35.0,35.0
2019/06/11,35.2,35.3,35.2,35.3,35.3
2019/06/12,35.0,35.0,34.9,34.9,34.9
2019/06/13,35.0,35.0,34.6,34.7,34.7
2019/06/14,35.1,35.3,35.1,35.3,35.3
2019/06/17,35.3,35.4,35.2,35.4,35.4
2019/06/18,35.1,35.2,35.1,35.2,35.2
2019/06/19,35.9,36.0,35.9,36.0,36.0
2019/06/20,36.1,36.2,36.1,36.2,36.2
2019/06/21,36.4,36.5,36.2,36.2,36.2
2019/06/24,36.4,36.5,36.4,36.5,36.5
2019/06/25,36.4,36.4,36.1,36.1,36.1
2019/06/26,35.6,35.7,35.5,35.6,35.6
2019/06/27,35.5,35.6,35.5,35.6,35.6
2019/06/28,35.9,35.9,35.8,35.8,35.8
2019/07/01,36.7,36.9,36.6,36.9,36.9
2019/07/02,36.8,36.8,36.6,36.8,36.8
2019/07/03,36.9,37.0,36.9,36.9,36.9
2019/07/04,37.5,37.5,37.5,37.5,37.5
2019/07/05,37.6,37.6,37.6,37.6,37.6
2019/07/08,37.3,37.3,37.1,37.1,37.1
2019/07/09,36.9,36.9,36.7,36.7,36.7
2019/07/10,37.2,37.2,37.1,37.1,37.1
2019/07/11,37.6,37.7,37.5,37.6,37.6
2019/07/12,37.6,37.8,37.6,37.8,37.8
2019/07/15,37.9,38.0,37.8,37.9,37.9
2019/07/16,37.9,38.0,37.9,38.0,38.0
2019/07/17,37.6,37.7,37.5,37.5,37.5
2019/07/18,37.0,37.0,36.8,36.9,36.9
2019/07/19,37.6,37.7,37.6,37.7,37.7
2019/07/22,36.8,36.9,36.8,36.9,36.9
2019/07/23,37.3,37.3,37.2,37.2,37.2
2019/07/24,37.5,37.7,37.5,37.7,37.7
2019/07/25,38.0,38.1,38.0,38.1,38.1
2019/07/26,37.8,37.8,37.8,37.8,37.8
2019/07/29,38.0,38.0,37.9,38.0,38.0
2019/07/30,38.1,38.1,38.1,38.1,38.1
2019/07/31,37.9,37.9,37.9,37.9,37.9
2019/08/01,36.9,37.2,36.9,37.1,37.1
2019/08/02,36.1,36.2,36.0,36.2,36.2
2019/08/05,35.9,35.9,35.0,35.1,35.1
2019/08/06,32.6,33.9,32.6,33.7,33.7
2019/08/07,34.4,34.4,34.0,34.1,34.1
2019/08/08,34.4,35.0,34.4,35.0,35.0
2019/08/12,35.5,35.7,35.4,35.6,35.6
2019/08/13,34.7,34.8,34.6,34.8,34.8
2019/08/14,35.8,35.8,35.6,35.8,35.8
2019/08/15,33.8,34.1,33.8,34.1,34.1
2019/08/16,34.2,34.4,34.1,34.2,34.2
2019/08/19,35.1,35.2,35.0,35.2,35.2
2019/08/20,35.3,35.6,35.3,35.6,35.6
2019/08/21,35.1,35.2,35.0,35.2,35.2
2019/08/22,35.7,35.7,35.5,35.6,35.6
2019/08/23,35.7,35.8,35.6,35.7,35.7
2019/08/26,33.2,33.7,33.2,33.4,33.4
2019/08/27,34.4,34.6,34.4,34.4,34.4
2019/08/28,34.2,34.4,34.2,34.4,34.4
2019/08/29,34.6,34.6,34.4,34.6,34.6
2019/08/30,35.5,35.8,35.5,35.6,35.6
2019/09/02,35.2,35.3,35.2,35.3,35.3
2019/09/03,35.1,35.4,35.1,35.1,35.1
2019/09/04,35.1,35.6,35.1,35.6,35.6
2019/09/05,35.9,36.6,35.9,36.5,36.5
2019/09/06,36.8,36.8,36.7,36.8,36.8
2019/09/09,36.9,36.9,36.9,36.9,36.9
2019/09/10,36.9,36.9,36.6,36.6,36.6
2019/09/11,36.6,36.8,36.6,36.8,36.8
2019/09/12,37.6,37.6,37.5,37.6,37.6
2019/09/16,37.0,37.0,36.8,37.0,37.0
2019/09/17,37.2,37.2,37.0,37.0,37.0
2019/09/18,37.2,37.3,37.1,37.3,37.3
2019/09/19,37.3,37.4,37.2,37.2,37.2
2019/09/20,37.3,37.3,37.3,37.3,37.3
2019/09/23,37.2,37.2,37.1,37.1,37.1
2019/09/24,37.3,37.3,37.3,37.3,37.3
2019/09/25,36.4,36.6,36.4,36.6,36.6
2019/09/26,36.7,36.7,36.6,36.6,36.6
2019/09/27,36.5,36.6,36.5,36.5,36.5
2019/10/01,36.9,37.0,36.9,36.9,36.9
2019/10/02,35.7,35.8,35.7,35.8,35.8
2019/10/03,34.3,34.5,34.3,34.4,34.4
2019/10/04,34.8,35.0,34.8,35.0,35.0
2019/10/07,35.4,35.6,35.4,35.5,35.5
2019/10/08,35.6,35.7,35.6,35.7,35.7
2019/10/09,34.6,34.6,34.5,34.5,34.5
2019/10/14,36.3,36.4,36.2,36.3,36.3
2019/10/15,36.1,36.2,36.1,36.1,36.1
2019/10/16,36.6,36.6,36.5,36.6,36.6
2019/10/17,36.6,36.7,36.6,36.6,36.6
2019/10/18,36.7,36.7,36.6,36.7,36.7
2019/10/21,36.7,36.7,36.6,36.6,36.6
2019/10/22,37.0,37.1,37.0,37.1,37.1
2019/10/23,36.5,36.6,36.5,36.6,36.6
2019/10/24,36.9,36.9,36.9,36.9,36.9
2019/10/25,36.9,36.9,36.9,36.9,36.9
2019/10/28,37.3,37.4,37.3,37.4,37.4
2019/10/29,37.7,37.7,37.7,37.7,37.7
2019/10/30,37.6,37.6,37.6,37.6,37.6
2019/10/31,37.9,37.9,37.8,37.8,37.8
2019/11/01,37.7,37.8,37.7,37.8,37.8
2019/11/04,38.4,38.5,38.4,38.5,38.5
2019/11/05,38.7,38.8,38.6,38.8,38.8
2019/11/06,38.4,38.4,38.4,38.4,38.4
2019/11/07,38.5,38.6,38.4,38.4,38.4
2019/11/08,38.6,38.7,38.5,38.5,38.5
2019/11/11,38.8,38.8,38.7,38.7,38.7
2019/11/12,38.7,38.8,38.7,38.8,38.8
2019/11/13,38.8,38.8,38.7,38.7,38.7
2019/11/14,39.0,39.1,38.9,39.0,39.0
2019/11/15,39.4,39.4,39.4,39.4,39.4
2019/11/18,39.6,39.8,39.6,39.8,39.8
2019/11/19,39.8,40.0,39.6,40.0,40.0
2019/11/20,39.6,39.7,39.6,39.6,39.6
2019/11/21,39.1,39.3,39.1,39.3,39.3
2019/11/22,39.4,39.4,39.4,39.4,39.4
2019/11/25,39.7,39.8,39.7,39.8,39.8
2019/11/26,40.1,40.2,40.1,40.2,40.2
2019/11/27,40.4,40.4,40.4,40.4,40.4
2019/11/28,40.4,40.4,40.3,40.3,40.3
2019/11/29,40.4,40.4,40.4,40.4,40.4
2019/12/02,40.5,40.6,40.5,40.5,40.5
2019/12/03,39.7,39.7,39.6,39.6,39.6
2019/12/04,39.0,39.0,39.0,39.0,39.0
2019/12/05,39.5,39.6,39.4,39.5,39.5
2019/12/06,39.7,39.8,39.7,39.8,39.8
2019/12/09,40.2,40.2,40.2,40.2,40.2
2019/12/10,40.1,40.2,40.1,40.2,40.2
2019/12/11,40.1,40.1,40.0,40.0,40.0
2019/12/12,40.3,40.3,40.3,40.3,40.3
2019/12/13,41.1,41.2,41.1,41.2,41.2
2019/12/16,41.1,41.2,41.0,41.1,41.1
2019/12/17,41.3,41.5,41.3,41.4,41.4
2019/12/18,41.4,41.4,41.4,41.4,41.4
2019/12/19,41.5,41.5,41.4,41.4,41.4
2019/12/20,41.7,41.8,41.7,41.8,41.8
2019/12/23,42.2,42.2,42.2,42.2,42.2
2019/12/24,42.2,42.2,42.2,42.2,42.2
2019/12/25,42.2,42.3,42.1,42.2,42.2
2019/12/26,42.2,42.2,42.2,42.2,42.2
2019/12/27,42.6,42.8,42.6,42.8,42.8
2019/12/30,42.6,42.6,42.4,42.4,42.4
2019/12/31,42.0,42.1,42.0,42.0,42.0
2020/01/02,42.3,42.4,42.3,42.4,42.4
2020/01/03,42.9,42.9,42.2,42.2,42.2
2020/01/06,42.0,42.1,41.9,42.0,42.0
2020/01/07,42.5,42.6,42.5,42.6,42.6
2020/01/08,41.2,42.1,41.2,42.0,42.0
2020/01/09,42.9,42.9,42.9,42.9,42.9
2020/01/10,43.4,43.5,43.4,43.5,43.5
2020/01/13,43.2,43.2,43.2,43.2,43.2
2020/01/14,43.6,43.6,43.6,43.6,43.6
2020/01/15,43.4,43.4,43.3,43.3,43.3
2020/01/16,43.7,43.8,43.6,43.7,43.7
2020/01/17,44.3,44.3,44.2,44.2,44.2
2020/01/20,44.5,44.6,44.5,44.5,44.5
2020/01/30,43.0,43.0,42.6,42.6,42.6
2020/01/31,43.7,43.8,43.7,43.8,43.8
2020/02/03,42.4,42.6,42.2,42.6,42.6
2020/02/04,42.6,42.9,42.6,42.9,42.9
2020/02/05,43.7,43.7,43.6,43.7,43.7
2020/02/06,44.7,45.2,44.7,45.2,45.2
2020/02/07,44.9,44.9,44.8,44.8,44.8
2020/02/10,44.2,44.6,44.2,44.5,44.5
2020/02/11,45.2,45.5,45.2,45.4,45.4
2020/02/12,45.4,45.6,45.3,45.5,45.5
2020/02/13,45.7,45.7,45.5,45.6,45.6
2020/02/14,45.8,46.1,45.8,46.1,46.1
2020/02/17,46.2,46.3,46.2,46.2,46.2
2020/02/18,45.8,45.8,45.7,45.8,45.8
2020/02/19,45.9,46.0,45.9,46.0,46.0
2020/02/20,46.5,46.5,46.0,46.0,46.0
2020/02/21,45.6,45.7,45.4,45.4,45.4
2020/02/24,43.9,44.0,43.7,43.7,43.7
2020/02/25,42.6,42.9,42.6,42.8,42.8
2020/02/26,39.8,41.3,39.6,41.3,41.3
2020/02/27,39.1,39.2,37.9,38.4,38.4
2020/03/02,34.9,36.2,34.5,36.0,36.0
2020/03/03,37.8,38.0,37.2,37.3,37.3
2020/03/04,36.3,36.8,36.3,36.7,36.7
2020/03/05,38.4,38.4,37.9,38.2,38.2
2020/03/06,36.5,36.5,35.2,35.3,35.3
2020/03/09,32.0,32.0,31.4,31.4,31.4
2020/03/10,31.3,32.2,31.1,32.2,32.2
2020/03/11,31.3,31.7,30.7,30.9,30.9
2020/03/12,29.6,29.6,26.5,27.3,27.3
2020/03/13,23.7,25.8,22.2,25.1,25.1
2020/03/16,24.5,24.6,23.2,23.2,23.2
2020/03/17,23.0,24.5,23.0,24.2,24.2
2020/03/18,22.8,23.4,22.4,22.4,22.4
2020/03/19,22.6,23.0,20.2,20.6,20.6
2020/03/20,21.6,22.6,21.4,22.5,22.5
2020/03/23,19.5,19.5,18.5,18.5,18.5
2020/03/24,19.8,20.8,19.8,20.6,20.6
2020/03/25,22.4,22.9,22.0,22.5,22.5
2020/03/26,23.2,23.4,22.7,23.0,23.0
2020/03/27,25.7,25.7,24.8,24.9,24.9
2020/03/30,23.4,24.8,23.4,24.8,24.8
2020/03/31,26.1,26.4,25.7,25.9,25.9
2020/04/01,24.7,24.7,24.1,24.1,24.1
2020/04/06,24.8,25.2,24.6,25.1,25.1
2020/04/07,26.7,26.9,26.2,26.6,26.6
2020/04/08,26.1,27.1,26.1,27.0,27.0
2020/04/09,28.4,28.5,28.1,28.3,28.3
2020/04/10,28.7,28.8,28.0,28.8,28.8
2020/04/13,28.4,28.7,28.2,28.4,28.4
2020/04/14,28.8,29.8,28.8,29.8,29.8
2020/04/15,30.1,30.3,30.0,30.2,30.2
2020/04/16,28.7,29.1,28.6,29.1,29.1
2020/04/17,31.1,31.3,31.0,31.3,31.3
2020/04/20,31.0,31.1,30.6,30.8,30.8
2020/04/21,30.0,30.2,29.0,29.4,29.4
2020/04/22,28.2,28.4,28.0,28.4,28.4
2020/04/23,29.1,29.4,29.0,29.4,29.4
2020/04/24,28.8,28.9,28.6,28.8,28.8
2020/04/27,30.0,30.7,29.9,30.7,30.7
2020/04/28,31.0,31.0,30.5,30.8,30.8
2020/04/29,31.0,31.6,31.0,31.5,31.5
2020/04/30,32.3,32.8,32.2,32.7,32.7
2020/05/04,28.9,29.4,28.7,29.3,29.3
2020/05/05,30.1,30.3,30.1,30.3,30.3
2020/05/06,30.2,30.8,30.2,30.8,30.8
2020/05/07,30.2,30.5,30.1,30.4,30.4
2020/05/08,31.5,31.7,31.4,31.7,31.7
2020/05/11,32.2,32.3,32.1,32.1,32.1
2020/05/12,31.4,31.7,31.2,31.6,31.6
2020/05/13,30.1,30.5,29.9,30.4,30.4
2020/05/14,29.6,29.6,29.2,29.4,29.4
2020/05/15,30.2,30.4,30.0,30.3,30.3
2020/05/18,30.6,31.0,30.6,30.8,30.8
2020/05/19,32.3,32.4,32.0,32.3,32.3
2020/05/20,31.9,32.2,31.5,32.1,32.1
2020/05/21,32.6,32.6,32.2,32.4,32.4
2020/05/22,32.3,32.3,31.5,31.5,31.5
2020/05/25,32.5,32.8,32.5,32.7,32.7
2020/05/26,33.2,33.7,33.2,33.6,33.6
2020/05/27,33.4,33.9,33.4,33.8,33.8
2020/05/28,34.5,34.7,34.1,34.5,34.5
2020/05/29,33.9,34.2,33.8,34.2,34.2
2020/06/01,34.3,34.5,34.1,34.4,34.4
2020/06/02,34.4,34.5,34.2,34.5,34.5
2020/06/03,35.4,35.5,35.3,35.4,35.4
2020/06/04,36.0,36.1,35.8,36.0,36.0
2020/06/05,36.0,36.3,35.9,36.3,36.3
2020/06/08,37.8,37.8,37.6,37.6,37.6
2020/06/09,38.3,38.4,38.2,38.4,38.4
2020/06/10,38.4,38.5,38.2,38.4,38.4
2020/06/11,37.2,37.3,36.4,36.4,36.4
2020/06/12,33.6,34.3,33.4,34.2,34.2
2020/06/15,33.0,33.2,32.6,32.6,32.6
2020/06/16,35.3,35.9,35.2,35.8,35.8
2020/06/17,36.0,36.1,35.5,35.9,35.9
2020/06/18,35.3,35.4,34.8,35.3,35.3
2020/06/19,35.6,35.7,35.5,35.6,35.6
2020/06/22,34.6,35.2,34.6,35.0,35.0
2020/06/23,36.0,36.1,34.7,35.8,35.8
2020/06/24,36.0,36.2,35.8,36.0,36.0
2020/06/29,33.4,33.8,33.2,33.5,33.5
2020/06/30,34.3,34.5,34.3,34.4,34.4
2020/07/01,35.1,35.2,34.9,34.9,34.9
2020/07/02,35.4,35.7,35.3,35.6,35.6
2020/07/03,36.1,36.1,35.9,35.9,35.9
2020/07/06,36.4,37.0,36.4,36.9,36.9
2020/07/07,37.3,37.3,36.7,36.8,36.8
2020/07/08,36.4,36.5,36.1,36.1,36.1
2020/07/09,36.9,36.9,36.7,36.7,36.7
2020/07/10,36.4,36.4,35.9,35.9,35.9
2020/07/13,37.5,37.6,37.4,37.6,37.6
2020/07/14,36.7,36.7,36.4,36.6,36.6
2020/07/15,37.9,38.0,37.8,37.9,37.9
2020/07/16,38.0,38.1,37.7,37.8,37.8
2020/07/17,37.8,37.9,37.7,37.7,37.7
2020/07/20,38.1,38.1,37.6,37.8,37.8
2020/07/21,38.8,39.0,38.7,38.9,38.9
2020/07/22,39.0,39.2,38.8,38.9,38.9
2020/07/23,39.1,39.3,39.1,39.3,39.3
2020/07/24,38.6,38.6,38.0,38.0,38.0
2020/07/27,38.0,38.1,37.9,38.1,38.1
2020/07/28,38.6,38.7,38.4,38.4,38.4
2020/07/29,38.1,38.1,37.7,37.8,37.8
2020/07/30,38.8,38.8,38.6,38.6,38.6
2020/07/31,39.0,39.2,38.8,38.8,38.8
2020/08/03,39.2,39.3,39.0,39.2,39.2
2020/08/04,39.7,39.8,39.7,39.7,39.7
2020/08/05,40.0,40.1,39.8,40.1,40.1
2020/08/06,40.6,40.6,40.3,40.5,40.5
2020/08/07,41.0,41.0,40.6,40.6,40.6
2020/08/10,41.0,41.3,40.9,41.3,41.3
2020/08/11,41.3,41.5,41.3,41.5,41.5
2020/08/12,40.8,40.9,40.7,40.8,40.8
2020/08/13,41.6,41.7,41.5,41.6,41.6
2020/08/14,41.7,41.8,41.7,41.8,41.8
2020/08/17,41.7,41.8,41.7,41.7,41.7
2020/08/18,42.0,42.0,41.8,41.9,41.9
2020/08/19,42.0,42.2,42.0,42.2,42.2
2020/08/20,41.5,41.5,41.0,41.3,41.3
2020/08/21,42.2,42.2,42.0,42.1,42.1
2020/08/24,42.4,42.5,42.4,42.5,42.5
2020/08/25,43.3,43.5,43.3,43.5,43.5
2020/08/26,43.5,43.5,43.3,43.5,43.5
2020/08/27,44.3,44.4,44.2,44.3,44.3
2020/08/28,44.6,45.1,44.6,45.0,45.0
2020/08/31,45.5,45.5,45.4,45.4,45.4
2020/09/01,44.8,45.0,44.8,45.0,45.0
2020/09/02,45.8,45.8,45.7,45.8,45.8
2020/09/03,46.6,47.0,46.6,46.8,46.8
2020/09/04,43.5,43.7,43.2,43.6,43.6
2020/09/07,42.7,42.8,42.3,42.3,42.3
2020/09/08,43.1,43.2,42.8,43.0,43.0
2020/09/09,40.6,41.1,40.4,41.0,41.0
2020/09/10,42.2,42.2,41.8,42.2,42.2
2020/09/11,41.1,41.3,41.1,41.3,41.3
2020/09/14,41.2,41.5,41.2,41.5,41.5
2020/09/15,41.6,42.0,41.6,41.9,41.9
2020/09/16,42.2,42.4,42.1,42.3,42.3
2020/09/17,41.6,41.7,40.8,41.0,41.0
2020/09/18,41.0,41.0,40.6,41.0,41.0
2020/09/21,40.4,40.4,39.8,39.8,39.8
2020/09/22,39.4,39.4,38.9,39.0,39.0
2020/09/23,39.6,40.0,39.6,40.0,40.0
2020/09/24,38.3,38.4,37.8,37.9,37.9
2020/09/25,38.8,38.8,38.7,38.7,38.7
2020/09/28,39.6,39.9,39.6,39.9,39.9
2020/09/29,41.1,41.2,41.0,41.1,41.1
2020/09/30,40.5,41.1,39.9,40.0,40.0
2020/10/05,41.3,41.3,41.0,41.2,41.2
2020/10/06,41.7,41.9,41.7,41.8,41.8
2020/10/07,40.7,41.0,40.6,41.0,41.0
2020/10/08,42.1,42.4,42.1,42.4,42.4
2020/10/12,43.6,44.0,43.5,44.0,44.0
2020/10/13,44.9,45.0,44.6,45.0,45.0
2020/10/14,44.6,44.8,44.4,44.7,44.7
2020/10/15,43.9,43.9,43.5,43.7,43.7
2020/10/16,44.0,44.1,43.7,43.8,43.8
2020/10/19,43.9,44.0,43.9,44.0,44.0
2020/10/20,42.9,42.9,42.5,42.5,42.5
2020/10/21,43.0,43.2,42.9,43.1,43.1
2020/10/22,42.2,42.3,42.0,42.3,42.3
2020/10/23,43.0,43.2,42.8,43.1,43.1
2020/10/26,42.8,42.8,42.6,42.7,42.7
2020/10/27,41.9,41.9,41.7,41.8,41.8
2020/10/28,40.9,41.0,40.8,41.0,41.0
2020/10/29,39.1,39.4,39.1,39.4,39.4
2020/10/30,38.7,38.8,38.3,38.3,38.3
2020/11/02,38.3,38.8,38.2,38.8,38.8
2020/11/03,39.7,40.0,39.6,39.8,39.8
2020/11/04,40.3,42.4,40.1,41.6,41.6
2020/11/05,42.8,43.3,42.4,43.2,43.2
2020/11/06,43.8,44.0,43.5,43.6,43.6
2020/11/09,45.2,45.7,45.2,45.7,45.7
2020/11/10,45.1,45.4,44.4,44.8,44.8
2020/11/11,45.0,45.5,44.9,45.3,45.3
2020/11/12,45.8,45.8,45.1,45.4,45.4
2020/11/13,44.8,45.0,44.6,44.8,44.8
2020/11/16,46.7,47.0,46.6,47.0,47.0
2020/11/17,47.1,47.1,46.7,46.8,46.8
2020/11/18,46.6,46.7,46.5,46.5,46.5
2020/11/19,45.6,45.7,45.4,45.6,45.6
2020/11/20,45.3,45.7,45.3,45.6,45.6
2020/11/23,45.7,45.7,45.6,45.7,45.7
2020/11/24,46.3,46.7,46.3,46.7,46.7
2020/11/25,47.8,47.9,47.4,47.4,47.4
2020/11/26,47.4,47.5,47.2,47.4,47.4
2020/11/27,47.0,47.2,46.9,47.2,47.2
2020/11/30,47.2,47.4,46.9,46.9,46.9
2020/12/01,47.7,48.1,47.7,48.0,48.0
2020/12/02,48.0,48.0,47.7,47.9,47.9
2020/12/03,48.2,48.4,48.1,48.2,48.2
2020/12/04,48.3,48.3,48.2,48.3,48.3
2020/12/07,48.9,48.9,48.6,48.6,48.6
2020/12/08,48.6,48.6,48.4,48.5,48.5
2020/12/09,49.2,49.2,49.1,49.2,49.2
2020/12/10,48.3,48.3,48.1,48.2,48.2
2020/12/11,48.2,48.2,47.9,48.0,48.0
2020/12/14,48.3,48.4,48.3,48.3,48.3
2020/12/15,47.8,47.8,47.4,47.5,47.5
2020/12/16,48.5,48.7,48.5,48.7,48.7
2020/12/17,48.9,49.1,48.9,49.1,49.1
2020/12/18,49.2,49.3,49.0,49.0,49.0
2020/12/21,49.2,49.3,49.0,49.1,49.1
2020/12/22,48.5,48.7,48.1,48.1,48.1
2020/12/23,47.9,48.4,47.9,48.3,48.3
2020/12/24,48.6,48.8,48.5,48.7,48.7
2020/12/25,49.0,49.0,48.7,48.7,48.7
2020/12/28,49.1,49.5,49.1,49.5,49.5
2020/12/29,50.0,50.2,50.0,50.1,50.1
2020/12/30,49.6,50.0,49.5,49.9,49.9
2020/12/31,49.8,49.8,49.6,49.7,49.7
2021/01/04,50.1,50.3,50.0,50.1,50.1
2021/01/05,48.9,49.1,48.6,48.7,48.7
2021/01/06,49.4,49.4,48.6,49.0,49.0
2021/01/07,50.2,50.6,50.2,50.4,50.4
2021/01/08,51.7,52.0,51.6,52.0,52.0
2021/01/11,51.9,51.9,51.2,51.4,51.4
2021/01/12,51.6,51.6,51.2,51.3,51.3
2021/01/13,51.4,51.6,51.4,51.5,51.5
2021/01/14,51.8,51.8,51.6,51.6,51.6
2021/01/15,50.8,51.2,50.6,50.7,50.7
2021/01/18,50.2,50.4,50.1,50.3,50.3
2021/01/19,51.0,51.3,51.0,51.2,51.2
2021/01/20,51.4,51.4,51.2,51.4,51.4
2021/01/21,52.8,53.1,52.8,53.1,53.1
2021/01/22,52.6,52.6,52.2,52.4,52.4
2021/01/25,52.7,52.8,52.6,52.8,52.8
2021/01/26,52.6,52.6,52.0,52.2,52.2
2021/01/27,52.6,52.7,52.4,52.4,52.4
2021/01/28,49.5,50.0,49.4,49.8,49.8
2021/01/29,50.6,50.8,49.6,49.6,49.6
2021/02/01,48.6,49.4,48.4,49.4,49.4
2021/02/02,50.6,51.2,50.6,51.0,51.0
2021/02/03,52.4,52.4,52.2,52.4,52.4
2021/02/04,52.2,52.2,51.7,51.8,51.8
2021/02/05,53.0,53.4,53.0,53.4,53.4
2021/02/17,54.7,55.0,54.5,55.0,55.0
2021/02/18,55.2,55.2,54.6,54.8,54.8
2021/02/19,54.3,54.4,53.9,54.2,54.2
2021/02/22,54.4,54.5,53.8,53.9,53.9
2021/02/23,53.2,54.0,53.2,53.8,53.8
2021/02/24,53.6,53.6,52.9,53.0,53.0
2021/02/25,54.8,54.9,54.6,54.8,54.8
2021/02/26,51.9,52.4,51.5,51.5,51.5
2021/03/02,54.0,54.0,53.4,53.4,53.4
2021/03/03,53.2,53.6,53.2,53.6,53.6
2021/03/04,51.6,51.6,50.6,51.2,51.2
2021/03/05,49.7,50.3,49.5,50.0,50.0
2021/03/08,52.5,52.6,52.0,52.0,52.0
2021/03/09,52.5,53.0,52.2,52.8,52.8
2021/03/10,53.4,53.6,53.2,53.2,53.2
2021/03/11,54.2,54.7,54.1,54.6,54.6
2021/03/12,55.3,55.4,55.0,55.3,55.3
2021/03/15,55.6,55.6,55.3,55.3,55.3
2021/03/16,55.9,56.2,55.9,56.1,56.1
2021/03/17,55.9,56.0,55.8,55.8,55.8
2021/03/18,56.6,56.6,56.2,56.3,56.3
2021/03/19,55.0,55.0,54.8,54.8,54.8
2021/03/22,54.2,54.7,54.2,54.5,54.5
2021/03/23,55.4,55.4,55.2,55.2,55.2
2021/03/24,54.6,54.7,54.4,54.6,54.6
2021/03/25,54.4,54.5,54.2,54.4,54.4
2021/03/26,54.8,55.2,54.8,55.2,55.2
2021/03/29,55.8,56.0,55.6,55.6,55.6
2021/03/30,56.2,56.5,56.2,56.3,56.3
2021/03/31,56.0,56.2,55.8,55.8,55.8
2021/04/01,56.6,56.6,56.4,56.6,56.6
2021/04/06,59.2,59.2,59.0,59.1,59.1
2021/04/07,59.2,59.2,59.1,59.2,59.2
2021/04/08,59.5,59.9,59.5,59.8,59.8
2021/04/09,60.2,60.2,60.0,60.0,60.0
2021/04/12,60.7,60.7,60.4,60.4,60.4
2021/04/13,60.8,60.9,60.6,60.6,60.6
2021/04/14,61.2,61.4,61.2,61.4,61.4
2021/04/15,60.9,61.0,60.8,60.9,60.9
2021/04/16,61.8,61.8,61.7,61.8,61.8
2021/04/19,62.0,62.1,62.0,62.0,62.0
2021/04/20,61.7,61.8,61.7,61.7,61.7
2021/04/21,60.6,60.6,60.3,60.4,60.4
2021/04/22,61.4,61.6,61.4,61.6,61.6
2021/04/23,60.8,61.0,60.8,60.8,60.8
2021/04/26,61.8,62.0,61.8,62.0,62.0
2021/04/27,62.0,62.2,62.0,62.2,62.2
2021/04/28,62.0,62.2,62.0,62.2,62.2
2021/04/29,62.4,62.6,62.3,62.6,62.6
2021/05/03,62.4,62.4,62.2,62.2,62.2
2021/05/04,62.0,62.0,61.8,61.8,61.8
2021/05/05,61.8,61.8,61.6,61.6,61.6
2021/05/06,61.4,61.6,61.2,61.4,61.4
2021/05/07,62.5,62.6,62.4,62.6,62.6
2021/05/10,63.4,63.6,63.3,63.3,63.3
2021/05/11,61.2,61.3,60.9,61.3,61.3
2021/05/12,60.4,60.6,59.9,60.4,60.4
2021/05/13,58.6,59.0,58.6,58.7,58.7
2021/05/14,60.1,60.4,60.1,60.4,60.4
2021/05/17,61.4,61.6,61.2,61.4,61.4
2021/05/18,61.5,61.7,61.5,61.7,61.7
2021/05/19,60.0,60.1,59.6,59.6,59.6
2021/05/20,59.7,59.9,59.6,59.9,59.9
2021/05/21,61.4,61.4,61.2,61.4,61.4
2021/05/24,61.3,61.4,61.2,61.2,61.2
2021/05/25,62.4,62.5,62.3,62.5,62.5
2021/05/26,62.2,62.3,62.2,62.3,62.3
2021/05/27,62.1,62.1,61.7,61.8,61.8
2021/05/28,62.6,62.7,62.6,62.6,62.6
2021/05/31,62.4,62.4,62.2,62.2,62.2
2021/06/01,62.0,62.1,62.0,62.1,62.1
2021/06/02,62.0,62.0,61.8,62.0,62.0
2021/06/03,62.3,62.4,62.2,62.2,62.2
2021/06/04,61.5,61.9,61.5,61.7,61.7
2021/06/07,62.7,62.8,62.6,62.8,62.8
2021/06/08,63.0,63.0,62.8,62.8,62.8
2021/06/09,62.8,62.8,62.8,62.8,62.8
2021/06/10,62.8,62.8,62.7,62.8,62.8
2021/06/11,63.1,63.2,63.1,63.2,63.2
2021/06/15,63.8,63.8,63.7,63.8,63.8
2021/06/16,63.4,63.4,63.3,63.4,63.4
2021/06/17,62.0,62.4,62.0,62.4,62.4
2021/06/18,63.0,63.0,62.8,62.8,62.8
2021/06/21,60.9,60.9,60.4,60.6,60.6
2021/06/22,63.0,63.2,63.0,63.2,63.2
2021/06/23,63.8,63.9,63.8,63.8,63.8
2021/06/24,63.8,63.8,63.8,63.8,63.8
2021/06/25,64.3,64.4,64.2,64.4,64.4
2021/06/28,64.7,64.8,64.6,64.7,64.7
2021/06/29,64.6,64.8,64.6,64.8,64.8
2021/06/30,65.0,65.1,65.0,65.0,65.0
2021/07/01,65.3,65.4,65.2,65.3,65.3
2021/07/02,65.8,65.9,65.8,65.8,65.8
2021/07/05,66.6,66.8,66.5,66.6,66.6
2021/07/06,67.0,67.0,66.8,66.8,66.8
2021/07/07,66.4,66.6,66.4,66.4,66.4
2021/07/08,67.0,67.0,66.8,66.8,66.8
2021/07/09,65.7,66.0,65.4,66.0,66.0
2021/07/12,67.4,67.4,67.2,67.2,67.2
2021/07/13,67.8,68.0,67.7,67.8,67.8
2021/07/14,67.5,67.5,67.1,67.2,67.2
2021/07/15,67.2,67.5,67.2,67.4,67.4
2021/07/16,66.6,67.1,66.6,67.1,67.1
2021/07/19,65.5,65.8,65.4,65.8,65.8
2021/07/20,64.6,64.8,64.3,64.4,64.4
2021/07/21,66.4,66.4,65.8,66.0,66.0
2021/07/22,67.0,67.2,67.0,67.2,67.2
2021/07/23,67.7,67.8,67.6,67.6,67.6
2021/07/26,68.4,68.4,68.2,68.3,68.3
2021/07/27,68.8,68.9,68.7,68.7,68.7
2021/07/28,68.6,68.6,68.0,68.0,68.0
2021/07/29,68.2,68.2,68.0,68.2,68.2
2021/07/30,67.9,67.9,67.6,67.9,67.9
2021/08/02,68.8,69.0,68.8,69.0,69.0
2021/08/03,68.2,68.2,67.9,68.2,68.2
2021/08/04,68.6,68.8,68.6,68.7,68.7
2021/08/05,68.4,68.4,68.3,68.4,68.4
2021/08/06,68.7,69.0,68.7,69.0,69.0
2021/08/09,69.0,69.0,69.0,69.0,69.0
2021/08/10,69.1,69.1,68.8,68.9,68.9
2021/08/11,69.0,69.2,69.0,69.2,69.2
2021/08/12,69.6,69.6,69.6,69.6,69.6
2021/08/13,69.9,70.1,69.9,70.1,70.1
2021/08/16,70.0,70.0,69.8,69.9,69.9
2021/08/17,70.4,70.4,70.2,70.2,70.2
2021/08/18,69.4,69.9,69.4,69.9,69.9
2021/08/19,68.2,68.4,68.0,68.0,68.0
2021/08/20,68.6,68.6,68.1,68.2,68.2
2021/08/23,69.8,70.2,69.8,70.2,70.2
2021/08/24,71.0,71.0,70.9,71.0,71.0
2021/08/25,71.0,71.0,70.8,70.9,70.9
2021/08/26,71.0,71.1,70.9,71.1,71.1
2021/08/27,70.5,70.8,70.4,70.8,70.8
2021/08/30,71.6,71.7,71.6,71.6,71.6
2021/08/31,72.1,72.6,72.0,72.6,72.6
2021/09/01,72.0,72.3,72.0,72.3,72.3
2021/09/02,71.8,71.9,71.7,71.8,71.8
2021/09/03,72.3,72.6,72.3,72.6,72.6
2021/09/06,72.0,72.2,72.0,72.0,72.0
2021/09/07,72.2,72.4,72.2,72.4,72.4
2021/09/08,71.8,71.8,71.6,71.8,71.8
2021/09/09,71.4,71.4,71.0,71.0,71.0
2021/09/10,71.0,71.4,70.9,71.3,71.3
2021/09/13,70.2,70.2,69.8,69.8,69.8
2021/09/14,70.5,70.5,70.4,70.4,70.4
2021/09/15,69.6,69.8,69.4,69.6,69.6
2021/09/16,70.6,70.7,70.4,70.4,70.4
2021/09/17,70.1,70.6,70.0,70.6,70.6
2021/09/22,66.1,67.2,66.0,67.2,67.2
2021/09/23,68.2,68.3,68.2,68.3,68.3
2021/09/24,69.6,69.8,69.4,69.4,69.4
2021/09/27,70.1,70.4,70.1,70.2,70.2
2021/09/28,68.8,69.5,68.8,69.4,69.4
2021/09/29,67.2,67.4,66.7,67.2,67.2
2021/09/30,67.3,67.9,67.2,67.8,67.8
2021/10/01,65.2,65.2,64.4,64.6,64.6
2021/10/04,66.4,66.8,66.0,66.6,66.6
2021/10/05,64.6,65.2,64.4,65.2,65.2
2021/10/06,66.2,66.3,65.6,65.8,65.8
2021/10/07,67.6,67.9,67.4,67.8,67.8
2021/10/08,68.4,68.5,68.0,68.0,68.0
2021/10/12,66.3,66.7,66.2,66.7,66.7
2021/10/13,66.5,66.7,66.4,66.7,66.7
2021/10/14,67.6,67.7,67.5,67.7,67.7
2021/10/15,69.5,70.0,69.3,70.0,70.0
2021/10/18,70.2,70.2,70.2,70.2,70.2
2021/10/19,70.8,70.8,70.6,70.8,70.8
2021/10/20,71.7,71.7,71.5,71.5,71.5
2021/10/21,72.0,72.2,71.8,71.8,71.8
2021/10/22,72.4,72.6,72.4,72.6,72.6
2021/10/25,72.5,72.6,72.2,72.6,72.6
2021/10/26,73.5,73.7,73.4,73.4,73.4
2021/10/27,73.4,73.4,73.2,73.4,73.4
2021/10/28,73.0,73.0,72.8,72.8,72.8
2021/10/29,73.6,73.6,73.4,73.6,73.6
2021/11/01,74.8,74.9,74.6,74.8,74.8
2021/11/02,74.7,74.7,74.3,74.4,74.4
2021/11/03,75.2,75.2,75.2,75.2,75.2
2021/11/04,76.2,76.3,76.1,76.3,76.3
2021/11/05,76.8,77.0,76.8,77.0,77.0
2021/11/08,77.2,77.2,77.0,77.0,77.0
2021/11/09,77.0,77.2,77.0,77.1,77.1
2021/11/10,76.6,76.6,76.2,76.2,76.2
2021/11/11,75.8,76.1,75.8,76.0,76.0
2021/11/12,76.2,76.3,76.0,76.0,76.0
2021/11/15,77.4,77.4,77.0,77.2,77.2
2021/11/16,77.0,77.2,76.9,76.9,76.9
2021/11/17,77.8,77.8,77.4,77.6,77.6
2021/11/18,77.2,77.6,77.2,77.6,77.6
2021/11/19,78.0,78.4,77.9,78.4,78.4
2021/11/22,77.8,78.1,77.8,78.0,78.0
2021/11/23,77.3,77.3,76.8,77.0,77.0
2021/11/24,77.4,77.4,76.8,77.0,77.0
2021/11/25,77.9,78.2,77.8,78.2,78.2
2021/11/26,76.9,76.9,76.0,76.1,76.1
2021/11/29,75.6,75.8,75.2,75.2,75.2
2021/11/30,76.6,76.6,75.2,75.2,75.2
2021/12/01,73.4,74.6,73.4,74.6,74.6
2021/12/02,72.0,72.5,71.8,72.4,72.4
2021/12/03,73.2,73.7,72.6,73.6,73.6
2021/12/06,73.0,73.2,72.8,73.2,73.2
2021/12/07,74.1,74.8,74.1,74.8,74.8
2021/12/08,77.5,77.8,77.3,77.6,77.6
2021/12/09,77.5,77.8,77.2,77.4,77.4
2021/12/10,76.6,76.8,76.4,76.6,76.6
2021/12/13,78.4,78.5,78.3,78.3,78.3
2021/12/14,77.0,77.0,76.7,76.8,76.8
2021/12/15,75.6,75.8,75.5,75.8,75.8
2021/12/16,78.0,78.4,77.8,78.4,78.4
2021/12/17,76.8,76.9,76.2,76.4,76.4
2021/12/20,74.3,74.4,73.4,73.6,73.6
2021/12/21,73.8,74.4,73.6,74.4,74.4
2021/12/22,75.6,75.8,75.6,75.8,75.8
2021/12/23,77.4,77.6,77.3,77.6,77.6
2021/12/24,78.0,78.2,77.9,78.0,78.0
2021/12/27,78.3,78.4,78.3,78.3,78.3
2021/12/28,80.2,80.2,80.0,80.2,80.2
2021/12/29,80.4,80.4,80.1,80.3,80.3
2021/12/30,80.2,80.4,80.2,80.4,80.4
2022/01/03,80.4,80.4,80.1,80.2,80.2
2022/01/04,80.4,80.8,80.2,80.8,80.8
2022/01/05,80.0,80.1,79.7,79.7,79.7
2022/01/06,77.5,77.5,76.4,76.8,76.8
2022/01/07,77.7,77.7,77.2,77.4,77.4
2022/01/10,76.4,76.7,76.1,76.6,76.6
2022/01/11,76.4,76.5,76.0,76.3,76.3
2022/01/12,77.6,77.9,77.5,77.9,77.9
2022/01/13,78.0,78.0,77.7,77.8,77.8
2022/01/14,76.0,76.0,75.6,76.0,76.0
2022/01/17,75.9,75.9,75.6,75.7,75.7
2022/01/18,76.0,76.1,75.1,75.4,75.4
2022/01/19,73.2,73.4,72.3,72.3,72.3
2022/01/20,72.0,72.6,71.6,72.4,72.4
2022/01/21,69.6,69.8,68.9,69.3,69.3
2022/01/24,68.4,68.8,68.4,68.7,68.7
2022/01/25,67.0,67.1,66.1,66.4,66.4
2022/01/26,66.1,66.8,66.1,66.7,66.7
2022/02/07,70.5,70.8,70.0,70.6,70.6
2022/02/08,70.4,70.5,70.2,70.2,70.2
2022/02/09,71.5,72.2,71.5,72.2,72.2
2022/02/10,73.2,73.2,73.0,73.1,73.1
2022/02/11,70.4,70.6,69.8,69.8,69.8
2022/02/14,68.4,68.5,68.0,68.4,68.4
2022/02/15,67.9,68.2,67.4,67.4,67.4
2022/02/16,69.4,69.6,69.4,69.6,69.6
2022/02/17,69.8,70.0,69.0,69.5,69.5
2022/02/18,67.2,68.1,67.0,68.0,68.0
2022/02/21,66.4,67.0,66.0,67.0,67.0
2022/02/22,64.2,64.2,63.6,64.2,64.2
2022/02/23,65.4,65.6,65.2,65.5,65.5
2022/02/24,61.6,62.2,60.2,61.4,61.4
2022/02/25,63.7,64.0,63.4,63.6,63.6
2022/03/01,66.8,67.0,66.5,66.7,66.7
2022/03/02,65.1,65.5,64.8,65.5,65.5
2022/03/03,67.0,67.3,66.7,67.2,67.2
2022/03/04,64.6,65.7,64.2,65.6,65.6
2022/03/07,63.6,64.6,63.3,64.2,64.2
2022/03/08,61.7,62.2,61.1,61.1,61.1
2022/03/09,61.2,61.7,60.9,61.5,61.5
2022/03/10,64.0,64.2,63.8,63.8,63.8
2022/03/11,63.3,63.3,62.8,62.8,62.8
2022/03/14,62.8,62.8,62.2,62.8,62.8
2022/03/15,61.3,61.6,61.0,61.2,61.2
2022/03/16,63.4,64.0,63.4,64.0,64.0
2022/03/17,66.8,66.8,66.2,66.4,66.4
2022/03/18,67.2,67.4,67.0,67.4,67.4
2022/03/21,69.4,69.4,69.1,69.2,69.2
2022/03/22,69.2,69.5,69.1,69.2,69.2
2022/03/23,71.2,71.6,71.2,71.6,71.6
2022/03/24,69.8,70.1,69.6,70.0,70.0
2022/03/25,71.4,72.0,71.4,71.9,71.9
2022/03/28,71.9,72.2,71.8,72.0,72.0
2022/03/29,73.4,73.8,73.4,73.8,73.8
2022/03/30,75.0,75.2,74.8,74.8,74.8
2022/03/31,74.6,74.8,74.4,74.5,74.5
2022/04/01,72.6,72.8,72.4,72.7,72.7
2022/04/06,71.6,72.1,71.6,72.1,72.1
2022/04/07,70.1,70.3,69.8,69.8,69.8
2022/04/08,71.0,71.4,71.0,71.4,71.4
2022/04/11,70.7,70.7,70.0,70.0,70.0
2022/04/12,68.2,68.3,67.9,68.2,68.2
2022/04/13,68.8,68.9,68.7,68.9,68.9
2022/04/14,69.7,70.0,69.6,70.0,70.0
2022/04/15,68.3,68.4,67.3,68.2,68.2
2022/04/18,67.2,67.4,67.2,67.4,67.4
2022/04/19,68.4,68.6,68.3,68.6,68.6
2022/04/20,70.0,70.0,69.6,69.8,69.8
2022/04/21,70.8,71.0,70.6,71.0,71.0
2022/04/22,67.4,68.1,67.4,68.0,68.0
2022/04/25,63.9,63.9,63.4,63.8,63.8
2022/04/26,65.2,65.6,65.1,65.4,65.4
2022/04/27,61.4,62.2,61.4,62.2,62.2
2022/04/28,62.7,62.9,62.5,62.8,62.8
2022/04/29,64.2,64.6,64.0,64.6,64.6
2022/05/03,61.2,61.8,61.0,61.6,61.6
2022/05/04,61.7,62.0,61.6,61.8,61.8
2022/05/05,65.1,65.2,64.8,65.2,65.2
2022/05/06,60.2,60.8,60.1,60.8,60.8
2022/05/09,58.6,59.0,58.3,58.8,58.8
2022/05/10,55.8,57.2,55.7,57.1,57.1
2022/05/11,56.6,57.0,56.4,56.9,56.9
2022/05/12,55.2,55.4,54.2,54.3,54.3
2022/05/13,55.3,55.8,55.2,55.7,55.7
2022/05/16,57.4,57.5,56.1,56.4,56.4
2022/05/17,56.8,57.2,56.8,57.2,57.2
2022/05/18,58.8,58.9,58.4,58.6,58.6
2022/05/19,53.8,54.6,53.6,54.4,54.4
2022/05/20,54.1,54.6,54.0,54.5,54.5
2022/05/23,54.8,54.8,54.3,54.5,54.5
2022/05/24,54.7,54.8,54.4,54.4,54.4
2022/05/25,55.0,55.4,55.0,55.4,55.4
2022/05/26,56.0,56.0,55.2,55.4,55.4
2022/05/27,57.5,57.7,57.4,57.6,57.6
2022/05/30,60.8,61.2,60.8,61.2,61.2
2022/05/31,60.4,60.7,60.3,60.7,60.7
2022/06/01,60.2,60.3,60.0,60.0,60.0
2022/06/02,59.0,59.0,58.6,58.6,58.6
2022/06/06,59.2,59.6,59.0,59.6,59.6
2022/06/07,59.0,59.2,58.4,58.4,58.4
2022/06/08,60.4,60.5,60.0,60.2,60.2
2022/06/09,59.0,59.3,59.0,59.3,59.3
2022/06/10,56.4,56.8,56.4,56.8,56.8
2022/06/13,51.8,52.0,51.4,51.6,51.6
2022/06/14,49.7,50.4,49.5,50.3,50.3
2022/06/15,49.2,49.5,48.9,48.9,48.9
2022/06/16,51.0,51.2,50.1,50.2,50.2
2022/06/17,47.3,47.9,47.1,47.9,47.9
2022/06/20,47.4,47.5,46.8,47.2,47.2
2022/06/21,48.3,48.7,48.2,48.7,48.7
2022/06/22,49.1,49.2,48.5,48.6,48.6
2022/06/23,49.4,49.6,48.8,49.3,49.3
2022/06/24,50.2,51.2,50.1,51.2,51.2
2022/06/27,52.9,53.8,52.8,53.4,53.4
2022/06/28,53.2,53.2,52.5,53.0,53.0
2022/06/29,50.8,51.2,50.8,51.1,51.1
2022/06/30,50.6,50.6,50.0,50.0,50.0
2022/07/01,49.8,49.9,48.8,49.0,49.0
2022/07/04,50.2,50.4,50.0,50.4,50.4
2022/07/05,51.4,51.5,51.2,51.3,51.3
2022/07/06,51.3,51.4,50.8,50.8,50.8
2022/07/07,51.4,52.0,51.2,51.9,51.9
2022/07/08,52.8,53.0,52.6,52.6,52.6
2022/07/11,52.8,52.8,52.2,52.3,52.3
2022/07/12,51.2,51.3,51.0,51.2,51.2
2022/07/13,51.0,51.1,50.8,51.0,51.0
2022/07/14,49.8,50.3,49.8,50.2,50.2
2022/07/15,50.2,50.4,50.1,50.2,50.2
2022/07/18,52.0,52.4,52.0,52.4,52.4
2022/07/19,51.3,51.4,51.2,51.4,51.4
2022/07/20,54.2,54.5,54.2,54.3,54.3
2022/07/21,54.4,54.6,54.0,54.4,54.4
2022/07/22,55.2,55.3,55.0,55.2,55.2
2022/07/25,54.4,54.5,54.2,54.4,54.4
2022/07/26,54.2,54.5,54.2,54.5,54.5
2022/07/27,54.2,54.6,54.2,54.4,54.4
2022/07/28,56.0,56.1,55.8,55.8,55.8
2022/07/29,58.0,58.4,58.0,58.2,58.2
2022/08/01,58.8,58.8,58.6,58.7,58.7
2022/08/02,58.5,58.6,58.2,58.4,58.4
2022/08/03,58.0,58.5,58.0,58.5,58.5
2022/08/04,60.0,60.0,59.8,60.0,60.0
2022/08/05,60.0,60.2,60.0,60.0,60.0
2022/08/08,59.4,59.8,59.2,59.8,59.8
2022/08/09,59.7,59.9,59.6,59.8,59.8
2022/08/10,58.9,59.2,58.9,59.0,59.0
2022/08/11,61.8,62.0,61.8,61.9,61.9
2022/08/12,61.4,61.8,61.4,61.8,61.8
2022/08/15,63.4,63.5,63.2,63.3,63.3
2022/08/16,63.9,64.1,63.8,63.9,63.9
2022/08/17,64.4,64.6,64.3,64.6,64.6
2022/08/18,63.2,63.4,63.2,63.4,63.4
2022/08/19,63.6,63.7,63.4,63.4,63.4
2022/08/22,61.6,61.8,61.5,61.6,61.6
2022/08/23,59.6,60.0,59.4,59.4,59.4
2022/08/24,59.2,59.2,58.9,59.2,59.2
2022/08/25,60.0,60.4,60.0,60.3,60.3
2022/08/26,61.2,61.4,61.2,61.3,61.3
2022/08/29,56.0,56.6,55.8,56.6,56.6
2022/08/30,56.7,57.2,56.6,57.0,57.0
2022/08/31,55.8,56.2,55.6,56.2,56.2
2022/09/01,53.8,54.1,53.7,54.1,54.1
2022/09/02,54.8,55.0,54.8,55.0,55.0
2022/09/05,54.0,54.2,54.0,54.0,54.0
2022/09/06,54.7,54.8,54.2,54.4,54.4
2022/09/07,53.0,53.4,52.9,53.4,53.4
2022/09/08,55.6,55.8,55.5,55.8,55.8
2022/09/12,58.0,58.1,57.8,58.0,58.0
2022/09/13,59.3,59.3,59.0,59.2,59.2
2022/09/14,54.2,54.6,54.1,54.5,54.5
2022/09/15,54.8,54.8,54.6,54.6,54.6
2022/09/16,52.8,52.8,52.6,52.8,52.8
2022/09/19,52.8,52.9,52.2,52.5,52.5
2022/09/20,53.6,53.8,53.6,53.8,53.8
2022/09/21,52.4,52.5,52.2,52.5,52.5
2022/09/22,49.6,50.1,49.5,50.1,50.1
2022/09/23,49.8,49.8,49.2,49.6,49.6
2022/09/26,47.4,47.9,47.2,47.2,47.2
2022/09/27,47.6,47.8,47.5,47.8,47.8
2022/09/28,46.9,47.0,45.9,46.2,46.2
2022/09/29,48.6,48.7,48.3,48.7,48.7
2022/09/30,46.7,46.9,46.3,46.7,46.7
2022/10/03,44.7,45.4,44.6,45.0,45.0
2022/10/04,48.0,48.5,47.8,48.4,48.4
2022/10/05,49.9,50.0,49.7,49.8,49.8
2022/10/06,50.6,50.6,50.3,50.6,50.6
2022/10/07,48.9,49.1,48.7,48.8,48.8
2022/10/11,45.8,45.9,45.0,45.2,45.2
2022/10/12,45.3,45.5,45.0,45.4,45.4
2022/10/13,45.0,45.0,44.7,44.7,44.7
2022/10/14,46.9,47.8,46.9,47.6,47.6
2022/10/17,45.3,45.6,45.2,45.6,45.6
2022/10/18,47.9,49.1,47.8,48.8,48.8
2022/10/19,49.2,49.3,49.0,49.0,49.0
2022/10/20,47.3,47.9,47.0,47.8,47.8
2022/10/21,46.7,46.8,46.5,46.5,46.5
2022/10/24,49.6,49.8,49.2,49.4,49.4
2022/10/25,50.5,50.6,50.2,50.6,50.6
2022/10/26,51.0,51.2,50.9,51.2,51.2
2022/10/27,51.6,51.8,51.4,51.6,51.6
2022/10/28,50.2,50.4,50.0,50.0,50.0
2022/10/31,52.8,53.0,52.7,53.0,53.0
2022/11/01,52.6,52.8,52.6,52.8,52.8
2022/11/02,52.0,52.2,52.0,52.2,52.2
2022/11/03,49.2,49.6,49.2,49.6,49.6
2022/11/04,48.3,48.5,48.0,48.5,48.5
2022/11/07,49.0,49.4,48.8,49.4,49.4
2022/11/08,50.6,50.6,50.1,50.2,50.2
2022/11/09,50.8,51.2,50.6,50.8,50.8
2022/11/10,48.9,49.0,48.8,48.9,48.9
2022/11/11,54.2,54.2,53.6,54.0,54.0
2022/11/14,54.3,54.6,54.2,54.3,54.3
2022/11/15,53.8,54.3,53.8,54.3,54.3
2022/11/16,54.0,54.7,54.0,54.6,54.6
2022/11/17,54.0,54.1,53.8,54.0,54.0
2022/11/18,53.6,53.6,53.4,53.4,53.4
2022/11/21,53.6,53.7,53.5,53.6,53.6
2022/11/22,53.6,53.8,53.6,53.6,53.6
2022/11/23,54.8,55.0,54.8,55.0,55.0
2022/11/24,55.6,55.8,55.6,55.6,55.6
2022/11/25,55.6,55.6,55.5,55.5,55.5
2022/11/28,54.8,54.8,54.5,54.5,54.5
2022/11/29,53.8,54.1,53.7,54.1,54.1
2022/11/30,53.5,53.6,53.4,53.6,53.6
2022/12/01,56.6,56.8,56.3,56.7,56.7
2022/12/02,56.0,56.2,55.9,56.1,56.1
2022/12/05,56.0,56.0,55.8,56.0,56.0
2022/12/06,54.3,54.5,54.2,54.2,54.2
2022/12/07,52.8,53.0,52.6,52.9,52.9
2022/12/08,52.2,52.4,52.0,52.4,52.4
2022/12/09,53.0,53.5,53.0,53.5,53.5
2022/12/12,52.2,52.4,52.2,52.4,52.4
2022/12/13,53.8,54.0,53.8,53.8,53.8
2022/12/14,54.8,55.0,54.8,55.0,55.0
2022/12/15,54.4,54.4,53.9,54.1,54.1
2022/12/16,51.4,51.5,51.2,51.2,51.2
2022/12/19,50.1,50.4,50.1,50.2,50.2
2022/12/20,49.4,49.5,48.3,48.3,48.3
2022/12/21,49.6,49.9,49.6,49.8,49.8
2022/12/22,50.9,51.1,50.8,51.0,51.0
2022/12/23,49.1,49.6,49.1,49.4,49.4
2022/12/26,49.5,49.9,49.5,49.9,49.9
2022/12/27,50.4,50.6,50.4,50.4,50.4
2022/12/28,49.4,49.6,49.4,49.5,49.5
2022/12/29,48.4,48.4,48.2,48.3,48.3
2022/12/30,49.7,49.8,49.6,49.6,49.6
2023/01/03,49.5,49.8,49.1,49.8,49.8
2023/01/04,49.2,49.4,49.2,49.3,49.3
2023/01/05,49.8,49.8,49.5,49.8,49.8
2023/01/06,49.1,49.3,49.0,49.1,49.1
2023/01/09,51.2,51.2,51.0,51.2,51.2
2023/01/10,50.6,50.7,50.4,50.6,50.6
2023/01/11,51.5,51.6,51.4,51.5,51.5
2023/01/12,52.6,52.8,52.6,52.7,52.7
2023/01/13,53.0,53.0,52.6,52.7,52.7
2023/01/16,53.3,53.5,53.3,53.4,53.4
2023/01/17,53.2,53.2,52.8,52.8,52.8
2023/01/30,55.0,55.0,54.4,54.4,54.4
2023/01/31,53.6,53.6,53.2,53.4,53.4
2023/02/01,54.6,54.6,54.4,54.6,54.6
2023/02/02,56.2,56.2,55.8,56.0,56.0
2023/02/03,56.8,56.8,56.6,56.7,56.7
2023/02/06,56.0,56.2,55.8,55.8,55.8
2023/02/07,56.0,56.0,55.8,55.8,55.8
2023/02/08,57.0,57.2,57.0,57.1,57.1
2023/02/09,56.2,56.4,56.1,56.4,56.4
2023/02/10,54.9,55.0,54.7,54.8,54.8
2023/02/13,54.9,55.0,54.6,54.8,54.8
2023/02/14,56.4,56.5,56.4,56.4,56.4
2023/02/15,56.2,56.3,56.0,56.0,56.0
2023/02/16,57.0,57.2,57.0,57.0,57.0
2023/02/17,55.1,55.2,54.8,54.9,54.9
2023/02/20,54.8,55.2,54.8,55.0,55.0
2023/02/21,54.6,54.7,54.6,54.6,54.6
2023/02/22,53.2,53.2,53.1,53.1,53.1
2023/02/23,53.2,53.3,53.1,53.2,53.2
2023/02/24,53.3,53.4,53.1,53.2,53.2
2023/03/01,53.0,53.0,51.8,52.4,52.4
2023/03/02,51.8,51.8,51.2,51.4,51.4
2023/03/03,52.4,52.5,52.2,52.5,52.5
2023/03/06,54.0,54.5,54.0,54.4,54.4
2023/03/07,54.2,54.6,54.2,54.5,54.5
2023/03/08,52.8,52.8,52.6,52.8,52.8
2023/03/09,52.8,52.8,52.7,52.8,52.8
2023/03/10,50.7,50.7,50.1,50.2,50.2
2023/03/13,50.8,51.2,50.4,51.0,51.0
2023/03/14,49.5,49.7,49.4,49.4,49.4
2023/03/15,50.6,51.0,50.6,50.8,50.8
2023/03/16,50.6,50.6,50.4,50.6,50.6
2023/03/17,51.6,51.9,51.6,51.8,51.8
2023/03/20,52.2,52.2,50.6,50.6,50.6
2023/03/21,51.6,51.7,51.5,51.6,51.6
2023/03/22,52.8,52.9,52.6,52.9,52.9
2023/03/23,51.2,51.6,51.2,51.6,51.6
2023/03/24,51.6,51.6,51.1,51.5,51.5
2023/03/27,52.2,52.6,52.1,52.4,52.4
2023/03/28,52.2,52.2,52.0,52.1,52.1
2023/03/29,52.2,52.4,52.2,52.4,52.4
2023/03/30,53.2,53.4,53.2,53.4,53.4
2023/03/31,54.3,54.3,54.1,54.1,54.1
2023/04/06,54.7,54.7,54.4,54.5,54.5
2023/04/07,55.0,55.1,55.0,55.1,55.1
2023/04/10,55.1,55.2,55.0,55.1,55.1
2023/04/11,55.3,55.4,55.3,55.3,55.3
2023/04/12,55.3,55.4,55.2,55.4,55.4
2023/04/13,54.8,55.0,54.6,54.9,54.9
2023/04/14,56.2,56.2,56.2,56.2,56.2
2023/04/17,56.2,56.3,56.2,56.2,56.2
2023/04/18,56.3,56.4,56.3,56.4,56.4
2023/04/19,56.4,56.4,56.2,56.2,56.2
2023/04/20,56.2,56.4,56.1,56.1,56.1
2023/04/21,56.0,56.0,55.8,55.8,55.8
2023/04/24,55.6,55.7,55.5,55.5,55.5
2023/04/25,55.9,56.0,55.6,55.6,55.6
2023/04/26,54.9,54.9,54.8,54.8,54.8
2023/04/27,54.2,54.2,54.0,54.2,54.2
2023/04/28,55.8,56.0,55.8,55.8,55.8
2023/05/02,56.7,57.0,56.6,57.0,57.0
2023/05/03,55.8,55.8,55.6,55.8,55.8
2023/05/04,54.4,55.0,54.4,55.0,55.0
2023/05/05,54.3,54.4,54.2,54.3,54.3
2023/05/08,55.6,55.8,55.6,55.6,55.6
2023/05/09,55.7,55.9,55.7,55.8,55.8
2023/05/10,55.6,55.6,55.4,55.4,55.4
2023/05/11,56.2,56.2,56.0,56.0,56.0
2023/05/12,56.0,56.0,55.8,55.9,55.9
2023/05/15,55.4,55.8,55.3,55.8,55.8
2023/05/16,55.8,55.8,55.7,55.7,55.7
2023/05/17,55.5,55.6,55.4,55.4,55.4
2023/05/18,56.4,56.5,56.3,56.5,56.5
2023/05/19,57.5,57.8,57.5,57.7,57.7
2023/05/22,57.1,57.2,57.0,57.2,57.2
2023/05/23,57.5,57.8,57.4,57.4,57.4
2023/05/24,56.4,56.4,56.1,56.2,56.2
2023/05/25,55.8,55.8,55.6,55.7,55.7
2023/05/26,55.9,56.0,55.8,56.0,56.0
2023/05/29,57.8,57.8,57.6,57.8,57.8
2023/05/30,57.8,57.8,57.6,57.6,57.6
2023/05/31,57.4,57.5,57.2,57.2,57.2
2023/06/01,57.0,57.0,56.8,57.0,57.0
2023/06/02,58.0,58.1,57.8,58.0,58.0
2023/06/05,59.3,59.6,59.3,59.4,59.4
2023/06/06,59.2,59.4,59.2,59.4,59.4
2023/06/07,59.6,59.7,59.6,59.6,59.6
2023/06/08,59.2,59.2,58.8,59.0,59.0
2023/06/09,59.6,59.7,59.6,59.6,59.6
2023/06/12,60.1,60.2,60.1,60.2,60.2
2023/06/13,61.0,61.3,61.0,61.3,61.3
2023/06/14,61.6,61.8,61.6,61.8,61.8
2023/06/15,61.9,62.0,61.7,61.9,61.9
2023/06/16,63.0,63.2,63.0,63.1,63.1
2023/06/19,62.8,62.9,62.6,62.8,62.8
2023/06/20,62.7,62.8,62.6,62.6,62.6
2023/06/21,62.5,62.6,62.4,62.6,62.6
2023/06/26,61.4,61.6,61.4,61.4,61.4
2023/06/27,61.0,61.1,60.9,61.0,61.0
2023/06/28,61.8,62.0,61.8,61.9,61.9
2023/06/29,62.4,62.4,62.2,62.2,62.2
2023/06/30,62.6,62.9,62.6,62.8,62.8
2023/07/03,64.1,64.3,64.1,64.3,64.3
2023/07/04,64.2,64.4,64.1,64.2,64.2
2023/07/05,64.2,64.4,64.2,64.2,64.2
2023/07/06,64.0,64.1,63.6,63.7,63.7
2023/07/07,63.1,63.2,63.0,63.2,63.2
2023/07/10,62.6,62.8,62.6,62.6,62.6
2023/07/11,63.2,63.3,63.2,63.3,63.3
2023/07/12,63.9,64.0,63.8,64.0,64.0
2023/07/13,65.0,65.0,64.8,65.0,65.0
2023/07/14,65.4,65.4,65.3,65.4,65.4
2023/07/17,65.1,65.4,65.0,65.4,65.4
2023/07/18,65.8,65.8,65.6,65.8,65.8
2023/07/19,66.8,67.0,66.8,67.0,67.0
2023/07/20,67.0,67.1,67.0,67.0,67.0
2023/07/21,66.3,66.6,66.3,66.6,66.6
2023/07/24,66.5,66.6,66.4,66.5,66.5
2023/07/25,67.0,67.2,67.0,67.1,67.1
2023/07/26,67.4,67.4,67.3,67.4,67.4
2023/07/27,67.4,67.8,67.4,67.7,67.7
2023/07/28,66.8,67.0,66.6,67.0,67.0
2023/07/31,67.8,67.8,67.6,67.8,67.8
2023/08/01,68.2,68.4,68.2,68.2,68.2
2023/08/02,67.5,67.6,67.2,67.2,67.2
2023/08/04,66.0,66.2,66.0,66.2,66.2
2023/08/07,65.4,65.5,65.3,65.4,65.4
2023/08/08,66.0,66.1,65.8,66.0,66.0
2023/08/09,65.6,65.8,65.6,65.8,65.8
2023/08/10,65.0,65.2,65.0,65.0,65.0
2023/08/11,65.0,65.0,64.6,64.6,64.6
2023/08/14,64.6,64.8,64.4,64.4,64.4
2023/08/15,65.6,65.7,65.5,65.6,65.6
2023/08/16,63.9,64.0,63.8,63.8,63.8
2023/08/17,62.8,63.0,62.7,63.0,63.0
2023/08/18,62.0,62.0,61.7,61.8,61.8
2023/08/21,62.0,62.0,61.8,61.8,61.8
2023/08/22,62.6,62.6,62.4,62.6,62.6
2023/08/23,62.5,62.7,62.5,62.7,62.7
2023/08/24,64.3,64.5,64.1,64.5,64.5
2023/08/25,62.0,62.0,61.8,61.8,61.8
2023/08/28,62.7,62.8,62.6,62.8,62.8
2023/08/29,63.4,63.6,63.4,63.6,63.6
2023/08/30,65.4,65.5,65.3,65.4,65.4
2023/08/31,65.8,66.0,65.8,65.8,65.8
2023/09/01,65.6,65.8,65.6,65.7,65.7
2023/09/04,65.7,65.8,65.6,65.8,65.8
2023/09/05,65.4,65.6,65.4,65.6,65.6
2023/09/06,65.2,65.2,65.0,65.0,65.0
2023/09/07,64.3,64.4,64.0,64.0,64.0
2023/09/08,63.9,64.0,63.8,64.0,64.0
2023/09/11,64.1,64.4,64.1,64.4,64.4
2023/09/12,64.7,64.8,64.6,64.8,64.8
2023/09/13,64.2,64.2,64.0,64.1,64.1
2023/09/14,64.5,64.6,64.4,64.6,64.6
2023/09/15,65.2,65.6,65.2,65.6,65.6
2023/09/18,64.0,64.0,63.8,63.8,63.8
2023/09/19,63.8,63.9,63.7,63.8,63.8
2023/09/20,63.5,63.6,63.4,63.4,63.4
2023/09/21,62.0,62.1,61.9,61.9,61.9
2023/09/22,60.2,60.6,60.2,60.6,60.6
2023/09/25,60.1,60.4,60.1,60.4,60.4
2023/09/26,60.2,60.3,60.1,60.3,60.3
2023/09/27,59.0,59.2,59.0,59.2,59.2
2023/09/28,59.2,59.2,58.8,59.0,59.0
2023/10/02,59.9,60.0,59.8,59.8,59.8
2023/10/03,59.2,59.2,59.0,59.0,59.0
2023/10/04,57.6,57.6,57.2,57.4,57.4
2023/10/05,58.4,58.5,58.2,58.4,58.4
2023/10/06,58.2,58.2,58.0,58.2,58.2
2023/10/11,60.7,60.8,60.6,60.8,60.8
2023/10/12,61.5,61.6,61.4,61.6,61.6
2023/10/13,60.6,60.8,60.5,60.8,60.8
2023/10/16,60.2,60.7,60.2,60.3,60.3
2023/10/17,61.2,61.2,61.0,61.0,61.0
2023/10/18,60.8,61.1,60.8,61.0,61.0
2023/10/19,59.8,59.8,59.3,59.5,59.5
2023/10/20,58.4,58.4,58.2,58.4,58.4
2023/10/23,57.4,57.4,57.2,57.4,57.4
2023/10/24,57.1,57.2,56.8,57.2,57.2
2023/10/25,57.5,57.6,57.4,57.4,57.4
2023/10/26,55.4,55.4,55.2,55.3,55.3
2023/10/27,55.0,55.4,55.0,55.4,55.4
2023/10/30,54.6,54.6,54.4,54.6,54.6
2023/10/31,55.2,55.2,55.0,55.0,55.0
2023/11/01,55.7,56.0,55.7,56.0,56.0
2023/11/02,57.5,57.6,57.4,57.4,57.4
2023/11/03,59.0,59.2,59.0,59.2,59.2
2023/11/06,60.4,60.4,60.2,60.3,60.3
2023/11/07,60.2,60.3,60.2,60.2,60.2
2023/11/08,60.8,60.8,60.6,60.6,60.6
2023/11/09,60.8,60.9,60.8,60.8,60.8
2023/11/10,59.8,60.1,59.8,60.0,60.0
2023/11/13,61.4,61.6,61.2,61.4,61.4
2023/11/14,61.6,61.8,61.6,61.8,61.8
2023/11/15,64.2,64.2,64.0,64.2,64.2
2023/11/16,64.1,64.1,63.6,63.9,63.9
2023/11/17,64.1,64.2,64.0,64.1,64.1
2023/11/20,63.9,63.9,63.8,63.8,63.8
2023/11/21,64.8,64.8,64.6,64.6,64.6
2023/11/22,64.2,64.4,64.2,64.2,64.2
2023/11/23,64.8,65.0,64.8,65.0,65.0
2023/11/24,65.0,65.0,65.0,65.0,65.0
2023/11/27,64.8,64.8,64.5,64.5,64.5
2023/11/28,64.6,64.7,64.5,64.6,64.6
2023/11/29,64.7,64.7,64.6,64.6,64.6
2023/11/30,64.4,64.5,64.4,64.5,64.5
2023/12/01,64.7,65.0,64.7,65.0,65.0
2023/12/04,65.4,65.4,65.3,65.4,65.4
2023/12/05,64.8,64.8,64.7,64.7,64.7
2023/12/06,65.2,65.4,65.2,65.4,65.4
2023/12/07,64.4,64.5,64.4,64.4,64.4
2023/12/08,65.3,65.4,65.2,65.3,65.3
2023/12/11,65.8,66.0,65.8,66.0,66.0
2023/12/12,66.4,66.6,66.4,66.6,66.6
2023/12/13,67.1,67.2,67.1,67.2,67.2
2023/12/14,69.2,69.2,68.9,69.2,69.2
2023/12/15,69.0,69.1,68.8,69.0,69.0
2023/12/18,69.0,69.2,69.0,69.2,69.2
2023/12/19,69.4,69.6,69.4,69.6,69.6
2023/12/20,70.2,70.4,70.2,70.4,70.4
2023/12/21,68.4,68.6,68.4,68.6,68.6
2023/12/22,69.3,69.3,69.2,69.2,69.2
2023/12/25,69.4,69.6,69.4,69.5,69.5
2023/12/26,69.6,69.8,69.6,69.8,69.8
2023/12/27,70.1,70.1,70.0,70.1,70.1
2023/12/28,70.3,70.3,70.0,70.0,70.0
2023/12/29,70.0,70.2,69.9,70.0,70.0
2024/01/02,69.6,69.8,69.5,69.7,69.7
2024/01/03,68.9,69.0,68.7,68.7,68.7
2024/01/04,68.0,68.0,67.8,67.8,67.8
2024/01/05,67.6,67.6,67.3,67.3,67.3
2024/01/08,67.6,67.8,67.3,67.4,67.4
2024/01/09,69.2,69.4,69.1,69.3,69.3
2024/01/10,69.0,69.2,69.0,69.2,69.2
2024/01/11,70.2,70.3,70.1,70.2,70.2
2024/01/12,69.6,69.8,69.6,69.7,69.7
2024/01/15,69.8,70.2,69.7,70.2,70.2
2024/01/16,69.6,69.9,69.6,69.8,69.8
2024/01/17,69.8,69.8,69.5,69.5,69.5
2024/01/18,69.2,69.2,68.9,69.0,69.0
2024/01/19,70.4,70.4,70.2,70.2,70.2
2024/01/22,72.2,72.2,72.0,72.1,72.1
2024/01/23,72.1,72.1,71.9,72.0,72.0
2024/01/24,72.8,72.8,72.7,72.8,72.8
2024/01/25,72.6,72.6,72.2,72.6,72.6
2024/01/26,72.8,72.9,72.5,72.6,72.6
2024/01/29,72.7,72.9,72.7,72.9,72.9
2024/01/30,74.0,74.0,73.8,74.0,74.0
2024/01/31,73.2,73.4,73.1,73.4,73.4
2024/02/01,72.0,72.2,71.8,72.1,72.1
2024/02/02,74.0,74.2,74.0,74.2,74.2
2024/02/05,74.6,74.6,74.5,74.6,74.6
2024/02/15,76.1,76.2,75.9,76.2,76.2
2024/02/16,76.8,77.0,76.8,77.0,77.0
2024/02/19,76.2,76.3,76.2,76.2,76.2
2024/02/20,76.1,76.1,75.7,75.8,75.8
2024/02/21,75.2,75.3,75.0,75.1,75.1
2024/02/22,76.6,76.8,76.5,76.8,76.8
2024/02/23,78.6,79.0,78.6,79.0,79.0
2024/02/26,78.6,78.6,78.4,78.6,78.6
2024/02/27,78.1,78.2,78.0,78.0,78.0
2024/02/29,78.1,78.5,78.1,78.4,78.4
2024/03/01,78.8,79.2,78.8,79.1,79.1
2024/03/04,80.0,80.2,80.0,80.0,80.0
2024/03/05,79.7,79.8,79.6,79.6,79.6
2024/03/06,78.2,78.6,78.2,78.6,78.6
2024/03/07,79.0,79.0,78.6,78.8,78.8
2024/03/08,80.6,80.8,80.4,80.6,80.6
2024/03/11,79.4,79.4,79.2,79.2,79.2
2024/03/12,79.6,80.0,79.6,80.0,80.0
2024/03/13,80.8,81.0,80.8,81.0,81.0
2024/03/14,81.0,81.0,80.8,81.0,81.0
2024/03/15,80.5,80.6,80.4,80.6,80.6
2024/03/18,79.6,80.0,79.6,80.0,80.0
2024/03/19,80.3,80.6,80.2,80.5,80.5
2024/03/20,81.4,81.5,81.4,81.4,81.4
2024/03/21,83.4,83.8,83.4,83.8,83.8
2024/03/22,83.8,84.0,83.6,83.9,83.9
2024/03/25,83.4,83.5,83.2,83.2,83.2
2024/03/26,83.0,83.3,83.0,83.3,83.3
2024/03/27,82.9,83.2,82.9,83.2,83.2
2024/03/28,84.0,84.0,83.8,84.0,84.0
2024/03/29,83.9,84.0,83.8,84.0,84.0
2024/04/01,84.6,84.6,84.5,84.6,84.6
2024/04/02,83.5,83.6,83.4,83.4,83.4
2024/04/03,82.4,82.6,82.3,82.4,82.4
2024/04/08,82.2,82.6,82.2,82.4,82.4
2024/04/09,82.4,82.6,82.4,82.5,82.5
2024/04/10,82.7,82.8,82.6,82.7,82.7
2024/04/11,80.8,81.2,80.8,81.2,81.2
2024/04/12,82.4,82.6,82.3,82.4,82.4
2024/04/15,80.5,80.8,80.4,80.8,80.8
2024/04/16,78.3,78.4,77.8,78.3,78.3
2024/04/17,78.2,78.5,78.1,78.4,78.4
2024/04/18,77.2,77.4,77.2,77.3,77.3
2024/04/19,76.0,76.0,74.2,75.4,75.4
2024/04/22,75.4,76.0,75.4,76.0,76.0
2024/04/23,76.9,77.0,76.6,76.8,76.8
2024/04/24,79.0,79.2,78.8,79.2,79.2
2024/04/25,77.7,77.8,77.4,77.4,77.4
2024/04/26,79.0,79.1,78.9,79.1,79.1
2024/04/29,79.6,79.8,79.6,79.8,79.8
2024/04/30,79.6,79.7,79.5,79.5,79.5
2024/05/02,77.4,77.6,77.3,77.5,77.5
2024/05/03,78.2,78.4,78.1,78.1,78.1
2024/05/06,79.6,79.8,79.6,79.7,79.7
2024/05/07,81.2,81.4,81.0,81.4,81.4
2024/05/08,81.4,81.6,81.4,81.5,81.5
2024/05/09,81.4,81.5,81.3,81.4,81.4
2024/05/10,82.5,82.6,82.4,82.6,82.6
2024/05/13,82.5,82.8,82.5,82.7,82.7
2024/05/14,82.4,82.5,82.4,82.4,82.4
2024/05/15,83.3,83.3,83.0,83.0,83.0
2024/05/16,85.2,85.2,84.8,85.0,85.0
2024/05/17,84.4,84.6,84.4,84.6,84.6
2024/05/20,85.0,85.1,84.9,85.1,85.1
2024/05/21,85.0,85.2,85.0,85.2,85.2
2024/05/22,85.5,85.6,85.4,85.4,85.4
2024/05/23,85.3,85.9,85.3,85.8,85.8
2024/05/24,83.8,83.8,83.6,83.6,83.6
2024/05/27,84.4,84.4,84.2,84.4,84.4
2024/05/28,84.5,84.7,84.5,84.6,84.6
2024/05/29,84.3,84.4,84.0,84.1,84.1
2024/05/30,82.8,83.0,82.6,82.6,82.6
2024/05/31,82.2,82.6,82.2,82.6,82.6
2024/06/03,84.4,84.6,84.2,84.4,84.4
2024/06/04,84.4,84.4,84.0,84.0,84.0
2024/06/05,84.4,84.6,84.4,84.6,84.6
2024/06/06,86.0,86.2,86.0,86.0,86.0
2024/06/07,86.0,86.2,86.0,86.2,86.2
2024/06/11,86.0,86.3,86.0,86.2,86.2
2024/06/12,86.6,86.8,86.6,86.8,86.8
2024/06/13,88.2,88.5,88.2,88.3,88.3
2024/06/14,88.4,88.6,88.3,88.6,88.6
2024/06/17,88.4,88.4,88.2,88.2,88.2
2024/06/18,89.8,89.8,89.6,89.8,89.8
2024/06/19,90.2,90.4,90.2,90.2,90.2
2024/06/20,90.4,90.7,90.4,90.7,90.7
2024/06/21,89.4,89.7,89.4,89.6,89.6
2024/06/24,89.5,89.5,88.8,89.2,89.2
2024/06/25,88.8,89.2,88.6,89.2,89.2
2024/06/26,89.8,89.9,89.6,89.9,89.9
2024/06/27,89.3,89.6,89.3,89.5,89.5
2024/06/28,90.3,90.7,90.3,90.4,90.4
2024/07/01,89.5,89.8,89.5,89.6,89.6
2024/07/02,89.4,89.4,89.4,89.4,89.4
2024/07/03,90.8,90.9,90.7,90.8,90.8
2024/07/04,91.8,91.8,91.4,91.4,91.4
2024/07/05,91.4,91.5,91.3,91.5,91.5
2024/07/08,92.0,92.2,92.0,92.0,92.0
2024/07/09,92.8,93.1,92.8,93.0,93.0
2024/07/10,93.1,93.2,93.0,93.0,93.0
2024/07/11,94.6,94.6,94.5,94.6,94.6
2024/07/12,93.0,93.0,92.8,93.0,93.0
2024/07/15,94.2,94.6,94.2,94.6,94.6
2024/07/16,94.8,95.1,94.8,95.0,95.0
2024/07/17,95.6,95.7,95.4,95.4,95.4
2024/07/18,93.5,93.6,93.4,93.4,93.4
2024/07/19,92.0,92.2,92.0,92.1,92.1
2024/07/22,91.2,91.3,90.8,91.2,91.2
2024/07/23,92.4,92.5,92.3,92.4,92.4
2024/07/26,87.5,88.0,87.4,88.0,88.0
2024/07/29,89.8,89.9,89.8,89.8,89.8
2024/07/30,88.8,89.2,88.5,89.1,89.1
2024/07/31,88.6,89.0,88.4,89.0,89.0
2024/08/01,91.6,91.8,91.4,91.8,91.8
2024/08/02,87.3,87.7,86.6,87.0,87.0
2024/08/05,82.7,82.8,81.3,81.3,81.3
2024/08/06,81.6,82.4,81.4,81.8,81.8
2024/08/07,81.2,82.8,81.1,82.7,82.7
2024/08/08,79.6,80.2,79.4,79.8,79.8
2024/08/09,83.4,83.7,82.7,83.0,83.0
2024/08/12,83.8,84.2,83.8,84.0,84.0
2024/08/13,84.2,84.3,84.0,84.3,84.3
2024/08/14,86.6,86.6,86.4,86.5,86.5
2024/08/15,87.2,87.4,87.2,87.4,87.4
2024/08/16,89.8,90.2,89.8,90.2,90.2
2024/08/19,90.4,90.4,89.7,89.7,89.7
2024/08/20,91.4,91.4,91.0,91.2,91.2
2024/08/21,91.0,91.2,90.8,91.0,91.0
2024/08/22,91.6,91.6,91.3,91.4,91.4
2024/08/23,90.4,90.7,90.4,90.6,90.6
2024/08/26,91.7,91.8,91.4,91.4,91.4
2024/08/27,91.0,91.3,91.0,91.3,91.3
2024/08/28,91.3,91.6,91.3,91.6,91.6
2024/08/29,89.7,90.0,89.6,90.0,90.0
2024/08/30,90.8,91.0,90.6,90.9,90.9
2024/09/02,92.0,92.3,92.0,92.2,92.2
2024/09/03,92.2,92.5,92.1,92.3,92.3
2024/09/04,87.8,88.2,87.6,87.8,87.8
2024/09/05,88.4,88.4,88.0,88.0,88.0
2024/09/06,86.9,87.5,86.8,87.0,87.0
2024/09/09,84.6,85.6,84.6,85.4,85.4
2024/09/10,86.8,86.8,86.6,86.6,86.6
2024/09/11,87.1,87.2,86.6,86.6,86.6
2024/09/12,89.0,89.7,89.0,89.7,89.7
2024/09/13,90.5,90.6,90.4,90.6,90.6
2024/09/16,91.3,91.3,90.8,91.0,91.0
2024/09/18,91.4,91.5,91.4,91.4,91.4
2024/09/19,91.6,92.5,91.5,92.3,92.3
2024/09/20,93.3,93.6,93.3,93.4,93.4
2024/09/23,93.9,94.1,93.8,93.8,93.8
2024/09/24,93.8,94.0,93.5,93.8,93.8
2024/09/25,94.0,94.0,93.7,93.8,93.8
2024/09/26,94.2,94.6,94.2,94.6,94.6
2024/09/27,94.2,94.3,94.0,94.2,94.2
2024/09/30,93.6,93.6,93.4,93.4,93.4
2024/10/01,94.4,94.8,94.4,94.6,94.6
2024/10/04,93.2,93.4,92.8,93.0,93.0
2024/10/07,95.0,95.2,94.7,94.7,94.7
2024/10/08,93.4,93.4,93.0,93.1,93.1
2024/10/09,94.8,95.0,94.6,94.6,94.6
2024/10/11,96.0,96.3,95.8,95.8,95.8
2024/10/14,96.7,96.8,96.6,96.8,96.8
2024/10/15,98.4,98.8,98.4,98.7,98.7
2024/10/16,97.0,97.3,97.0,97.2,97.2
2024/10/17,97.6,97.6,97.4,97.6,97.6
2024/10/18,97.6,97.8,97.6,97.8,97.8
2024/10/21,98.5,98.5,97.8,97.8,97.8
2024/10/22,97.7,97.7,97.4,97.6,97.6
2024/10/23,97.6,97.8,97.6,97.8,97.8
2024/10/24,96.4,96.5,96.3,96.3,96.3
2024/10/25,96.6,96.6,96.2,96.4,96.4
2024/10/28,97.2,97.4,97.2,97.2,97.2
2024/10/29,96.8,96.9,96.4,96.4,96.4
2024/10/30,97.8,97.8,97.3,97.4,97.4
2024/11/01,92.8,93.1,92.4,93.1,93.1
2024/11/04,92.9,93.4,92.7,93.2,93.2
2024/11/05,92.6,93.0,92.5,93.0,93.0
2024/11/06,95.9,97.8,95.9,97.4,97.4
2024/11/07,100.0,100.0,100.0,100.0,100.0
2024/11/08,102.0,102.0,101.0,101.0,101.0
2024/11/11,103.0,103.0,102.0,103.0,103.0
2024/11/12,103.0,103.0,103.0,103.0,103.0
2024/11/13,102.0,102.0,102.0,102.0,102.0
2024/11/14,102.0,103.0,102.0,102.0,102.0
2024/11/15,101.0,101.0,101.0,101.0,101.0
2024/11/18,98.9,99.4,98.8,99.2,99.2
2024/11/19,99.4,99.8,99.2,99.6,99.6
2024/11/20,100.0,100.0,100.0,100.0,100.0
2024/11/21,99.4,99.7,99.3,99.7,99.7
2024/11/22,101.0,101.0,101.0,101.0,101.0
2024/11/25,103.0,103.0,102.0,103.0,103.0
2024/11/26,102.0,102.0,101.0,102.0,102.0
2024/11/27,103.0,104.0,103.0,103.0,103.0
2024/11/28,103.0,103.0,103.0,103.0,103.0
2024/11/29,103.0,104.0,103.0,104.0,104.0
2024/12/02,104.0,104.0,104.0,104.0,104.0
2024/12/03,104.0,105.0,104.0,105.0,105.0
2024/12/04,105.0,105.0,104.0,105.0,105.0
2024/12/05,105.0,105.0,105.0,105.0,105.0
2024/12/06,105.0,105.0,105.0,105.0,105.0
2024/12/09,105.0,105.0,105.0,105.0,105.0
2024/12/10,104.0,104.0,104.0,104.0,104.0
2024/12/11,104.0,104.0,104.0,104.0,104.0
2024/12/12,105.0,105.0,105.0,105.0,105.0
2024/12/13,104.0,104.0,104.0,104.0,104.0
2024/12/16,104.0,104.0,104.0,104.0,104.0
2024/12/17,104.0,105.0,104.0,105.0,105.0
2024/12/18,104.0,104.0,104.0,104.0,104.0
2024/12/19,97.8,98.4,97.8,98.0,98.0
2024/12/20,97.0,97.1,96.5,96.9,96.9
2024/12/23,99.9,101.0,99.9,101.0,101.0
2024/12/24,101.0,101.0,101.0,101.0,101.0
2024/12/25,103.0,103.0,103.0,103.0,103.0
2024/12/26,103.0,103.0,103.0,103.0,103.0
2024/12/27,103.0,103.0,102.0,102.0,102.0
2024/12/30,101.0,101.0,100.0,100.0,100.0
2024/12/31,98.1,98.6,98.1,98.3,98.3
2025/01/02,97.8,98.6,97.8,98.6,98.6
2025/01/03,97.6,97.8,97.5,97.6,97.6
2025/01/06,99.5,99.6,99.3,99.6,99.6
2025/01/07,101.0,101.0,100.0,100.0,100.0
2025/01/08,98.4,98.9,98.4,98.8,98.8
2025/01/09,98.2,98.3,98.0,98.2,98.2
2025/01/10,97.6,98.3,97.6,98.3,98.3
2025/01/13,95.4,95.5,94.6,95.0,95.0
2025/01/14,96.6,96.6,96.3,96.6,96.6
2025/01/15,96.2,96.3,96.1,96.2,96.2
2025/01/16,99.6,99.8,99.4,99.5,99.5
2025/01/17,98.9,99.4,98.9,99.4,99.4
2025/01/20,101.0,101.0,101.0,101.0,101.0
2025/01/21,100.0,101.0,100.0,101.0,101.0
2025/01/22,103.0,103.0,103.0,103.0,103.0
2025/02/03,98.7,99.0,98.0,98.4,98.4
2025/02/04,101.0,101.0,99.5,100.0,100.0
2025/02/05,101.0,101.0,101.0,101.0,101.0
2025/02/06,103.0,103.0,102.0,103.0,103.0
2025/02/07,103.0,103.0,103.0,103.0,103.0
2025/02/10,102.0,102.0,101.0,102.0,102.0
2025/02/11,102.0,102.0,102.0,102.0,102.0
2025/02/12,102.0,103.0,102.0,102.0,102.0
2025/02/13,102.0,102.0,102.0,102.0,102.0
2025/02/14,104.0,104.0,104.0,104.0,104.0
2025/02/17,104.0,104.0,104.0,104.0,104.0
2025/02/18,104.0,104.0,104.0,104.0,104.0
2025/02/19,104.0,104.0,104.0,104.0,104.0
2025/02/20,104.0,104.0,104.0,104.0,104.0
2025/02/21,104.0,104.0,104.0,104.0,104.0
2025/02/24,101.0,101.0,101.0,101.0,101.0
2025/02/25,99.6,99.8,99.5,99.8,99.8
2025/02/26,99.0,99.2,98.7,99.1,99.1
2025/02/27,98.2,98.9,98.1,98.9,98.9
2025/03/03,98.2,98.8,98.0,98.8,98.8
2025/03/04,95.6,95.8,95.1,95.8,95.8
2025/03/05,94.0,94.2,93.4,93.6,93.6
2025/03/06,94.4,94.6,94.2,94.6,94.6
2025/03/07,91.8,92.2,91.8,91.9,91.9
2025/03/10,91.2,91.6,91.1,91.4,91.4
2025/03/11,86.0,87.9,85.6,87.8,87.8
2025/03/12,86.5,86.6,86.2,86.4,86.4
2025/03/13,87.1,87.2,86.0,86.1,86.1
2025/03/14,85.6,86.0,85.6,85.8,85.8
2025/03/17,87.2,87.4,87.0,87.2,87.2
2025/03/18,89.0,89.2,88.5,88.6,88.6
2025/03/19,87.8,87.9,87.5,87.7,87.7
2025/03/20,89.8,90.2,89.8,90.1,90.1
2025/03/21,89.0,89.0,88.5,88.7,88.7
2025/03/24,90.0,90.1,89.8,90.1,90.1
2025/03/25,91.9,91.9,91.6,91.6,91.6
2025/03/26,92.4,92.4,92.0,92.2,92.2
2025/03/27,90.0,90.4,89.8,90.4,90.4
2025/03/28,89.6,89.8,89.5,89.6,89.6
2025/03/31,85.5,85.5,84.4,84.7,84.7
2025/04/01,85.9,86.5,85.8,86.4,86.4
2025/04/02,87.1,87.4,87.0,87.2,87.2
2025/04/07,71.2,71.2,63.9,65.0,65.0
2025/04/08,70.4,71.6,70.0,70.4,70.4
2025/04/09,64.8,66.4,63.6,64.1,64.1
2025/04/10,79.0,79.6,78.0,78.4,78.4
2025/04/11,72.1,74.8,71.8,74.8,74.8
2025/04/14,76.7,77.6,76.4,77.4,77.4
2025/04/15,77.0,77.3,76.8,77.1,77.1
2025/04/16,75.5,75.9,74.7,74.7,74.7
2025/04/17,74.1,74.8,74.0,74.7,74.7
2025/04/18,74.4,74.8,74.0,74.3,74.3
2025/04/21,73.5,73.5,72.4,72.4,72.4
2025/04/22,70.8,71.2,70.6,70.6,70.6
2025/04/23,75.6,76.1,75.4,76.0,76.0
2025/04/24,76.4,76.4,75.5,75.6,75.6
2025/04/25,79.8,80.1,79.3,79.7,79.7
2025/04/28,79.4,79.6,79.2,79.4,79.4
2025/04/29,80.2,80.6,80.2,80.2,80.2
2025/04/30,80.2,80.2,79.8,79.9,79.9
2025/05/02,82.6,83.2,82.4,82.4,82.4
2025/05/05,82.0,82.0,80.2,80.4,80.4
2025/05/06,80.2,80.9,80.2,80.5,80.5
2025/05/07,81.6,81.6,80.8,80.9,80.9
2025/05/08,81.2,82.2,81.2,82.2,82.2
2025/05/09,81.6,82.0,81.4,81.8,81.8
2025/05/12,83.8,84.0,83.6,84.0,84.0
2025/05/13,86.5,86.9,86.3,86.5,86.5
2025/05/14,88.2,88.4,88.0,88.1,88.1
2025/05/15,87.8,87.8,87.6,87.6,87.6
2025/05/16,88.4,88.8,88.4,88.8,88.8
2025/05/19,88.6,88.8,88.1,88.2,88.2
2025/05/20,90.0,90.1,89.7,90.0,90.0
2025/05/21,89.3,89.3,88.8,89.0,89.0
2025/05/22,87.3,87.3,86.3,86.5,86.5
2025/05/23,86.6,86.6,86.1,86.2,86.2
2025/05/26,86.3,86.6,86.2,86.6,86.6
2025/05/27,86.6,86.6,86.3,86.4,86.4
2025/05/28,88.4,88.5,88.2,88.2,88.2
2025/05/29,90.2,90.6,90.0,90.6,90.6
2025/06/02,87.4,87.5,87.0,87.0,87.0
2025/06/03,88.2,88.5,88.1,88.2,88.2
2025/06/04,89.8,89.9,89.6,89.8,89.8
2025/06/05,89.5,89.6,89.5,89.6,89.6
2025/06/06,88.9,89.3,88.9,89.3,89.3
2025/06/09,90.2,90.4,90.2,90.2,90.2
2025/06/10,90.8,91.6,90.6,90.6,90.6
2025/06/11,91.3,91.4,91.0,91.1,91.1
2025/06/12,90.6,90.6,90.2,90.4,90.4
2025/06/13,88.7,88.7,87.9,88.6,88.6
2025/06/16,89.4,89.6,89.4,89.6,89.6
2025/06/17,90.2,90.3,89.8,90.1,90.1
2025/06/18,89.6,89.9,89.3,89.5,89.5
2025/06/19,88.8,89.1,88.5,89.0,89.0
2025/06/20,88.9,88.9,88.4,88.7,88.7
2025/06/23,88.0,88.7,88.0,88.6,88.6
2025/06/24,91.4,91.7,91.3,91.6,91.6
2025/06/25,92.2,92.5,92.1,92.5,92.5
2025/06/26,92.4,92.4,91.9,92.0,92.0
2025/06/27,93.2,93.2,93.0,93.2,93.2
2025/06/30,94.0,94.8,94.0,94.8,94.8
2025/07/01,95.0,95.3,94.8,94.8,94.8
2025/07/02,95.0,95.2,94.8,95.0,95.0
2025/07/03,95.3,95.4,95.0,95.2,95.2
2025/07/04,96.2,96.2,95.8,95.9,95.9
2025/07/07,95.7,96.3,95.6,96.0,96.0
2025/07/08,95.2,95.5,95.2,95.4,95.4
2025/07/09,95.2,95.4,95.2,95.2,95.2
2025/07/10,96.4,96.5,96.2,96.4,96.4
2025/07/11,96.4,97.0,96.4,96.8,96.8
2025/07/14,95.8,95.8,95.6,95.8,95.8
2025/07/15,96.8,98.0,96.8,97.8,97.8
2025/07/16,96.2,96.2,96.0,96.0,96.0
2025/07/17,96.8,96.9,96.6,96.8,96.8
2025/07/18,98.2,98.6,98.2,98.6,98.6
2025/07/21,98.3,98.4,98.2,98.4,98.4
2025/07/22,98.4,98.4,98.1,98.1,98.1
2025/07/23,98.6,98.8,98.6,98.7,98.7
2025/07/24,99.8,100.0,99.8,99.8,99.8
2025/07/25,100.0,101.0,100.0,101.0,101.0
2025/07/28,102.0,102.0,102.0,102.0,102.0
2025/07/29,102.0,102.0,101.0,102.0,102.0
2025/07/30,101.0,101.0,101.0,101.0,101.0
2025/07/31,102.0,103.0,102.0,103.0,103.0
2025/08/01,100.0,100.0,99.8,100.0,100.0
2025/08/04,98.0,98.0,97.0,97.6,97.6
2025/08/05,100.0,100.0,100.0,100.0,100.0
2025/08/06,98.8,99.4,98.8,99.4,99.4
2025/08/07,101.0,101.0,100.0,100.0,100.0
2025/08/08,100.0,101.0,100.0,100.0,100.0
2025/08/11,102.0,102.0,102.0,102.0,102.0
2025/08/12,101.0,101.0,101.0,101.0,101.0
2025/08/13,103.0,103.0,103.0,103.0,103.0
2025/08/14,104.0,104.0,104.0,104.0,104.0
2025/08/15,104.0,105.0,104.0,105.0,105.0
2025/08/18,104.0,104.0,104.0,104.0,104.0
2025/08/19,104.0,104.0,103.0,103.0,103.0
2025/08/20,102.0,102.0,102.0,102.0,102.0
2025/08/21,102.0,103.0,102.0,103.0,103.0
2025/08/22,102.0,102.0,102.0,102.0,102.0
2025/08/25,104.0,105.0,104.0,105.0,105.0
2025/08/26,104.0,104.0,104.0,104.0,104.0
2025/08/27,105.0,105.0,105.0,105.0,105.0
2025/08/28,105.0,105.0,105.0,105.0,105.0
2025/08/29,106.0,106.0,106.0,106.0,106.0
2025/09/01,105.0,105.0,105.0,105.0,105.0
2025/09/02,105.0,105.0,105.0,105.0,105.0
2025/09/03,104.0,104.0,104.0,104.0,104.0
2025/09/04,105.0,105.0,105.0,105.0,105.0
2025/09/05,106.0,106.0,106.0,106.0,106.0
2025/09/08,105.0,106.0,105.0,105.0,105.0
2025/09/09,105.0,106.0,105.0,105.0,105.0
2025/09/10,106.0,106.0,106.0,106.0,106.0
2025/09/11,106.0,106.0,106.0,106.0,106.0
2025/09/12,108.0,108.0,108.0,108.0,108.0
2025/09/15,108.0,108.0,108.0,108.0,108.0
2025/09/16,109.0,109.0,108.0,109.0,109.0
2025/09/17,108.0,108.0,108.0,108.0,108.0
2025/09/18,108.0,109.0,108.0,109.0,109.0
2025/09/19,109.0,109.0,109.0,109.0,109.0
2025/09/22,110.0,110.0,110.0,110.0,110.0
2025/09/23,111.0,111.0,111.0,111.0,111.0
2025/09/24,110.0,110.0,110.0,110.0,110.0
2025/09/25,110.0,110.0,110.0,110.0,110.0
2025/09/26,109.0,109.0,108.0,109.0,109.0
2025/09/30,110.0,110.0,110.0,110.0,110.0
2025/10/01,110.0,110.0,110.0,110.0,110.0
2025/10/02,112.0,112.0,112.0,112.0,112.0
2025/10/03,112.0,112.0,112.0,112.0,112.0
2025/10/07,113.0,113.0,112.0,112.0,112.0
2025/10/08,112.0,112.0,112.0,112.0,112.0
2025/10/09,114.0,114.0,113.0,113.0,113.0
2025/10/13,110.0,110.0,109.0,110.0,110.0
2025/10/14,111.0,111.0,109.0,109.0,109.0
2025/10/15,110.0,111.0,110.0,111.0,111.0
2025/10/16,110.0,111.0,110.0,111.0,111.0
2025/10/17,109.0,109.0,108.0,108.0,108.0
2025/10/20,111.0,111.0,111.0,111.0,111.0
2025/10/21,113.0,113.0,112.0,112.0,112.0
2025/10/22,112.0,113.0,112.0,113.0,113.0
2025/10/23,112.0,112.0,112.0,112.0,112.0
2025/10/27,116.0,116.0,116.0,116.0,116.0
2025/10/28,117.0,117.0,117.0,117.0,117.0
2025/10/29,117.0,118.0,117.0,118.0,118.0
2025/10/30,118.0,118.0,117.0,118.0,118.0
2025/10/31,117.0,117.0,117.0,117.0,117.0
2025/11/03,117.0,117.0,117.0,117.0,117.0
2025/11/04,116.0,117.0,115.0,115.0,115.0
2025/11/05,114.0,114.0,113.0,114.0,114.0
2025/11/06,115.0,115.0,115.0,115.0,115.0
2025/11/07,113.0,113.0,112.0,113.0,113.0
2025/11/10,114.0,114.0,114.0,114.0,114.0
2025/11/11,116.0,116.0,116.0,116.0,116.0
2025/11/12,117.0,117.0,117.0,117.0,117.0
2025/11/13,116.0,118.0,116.0,118.0,118.0
2025/11/14,114.0,114.0,113.0,113.0,113.0
2025/11/17,113.0,114.0,113.0,114.0,114.0
2025/11/18,112.0,112.0,110.0,110.0,110.0
2025/11/19,109.0,110.0,109.0,109.0,109.0
2025/11/20,112.0,113.0,112.0,113.0,113.0
2025/11/21,108.0,108.0,107.0,108.0,108.0
2025/11/24,110.0,111.0,110.0,111.0,111.0
2025/11/25,112.0,113.0,112.0,113.0,113.0
2025/11/26,115.0,115.0,115.0,115.0,115.0
2025/11/27,116.0,116.0,116.0,116.0,116.0
2025/11/28,116.0,116.0,116.0,116.0,116.0
2025/12/01,116.0,116.0,115.0,115.0,115.0
2025/12/02,116.0,116.0,116.0,116.0,116.0
2025/12/03,117.0,117.0,117.0,117.0,117.0
2025/12/04,117.0,117.0,117.0,117.0,117.0
2025/12/05,117.0,118.0,117.0,118.0,118.0
2025/12/08,118.0,118.0,117.0,117.0,117.0
2025/12/09,117.0,117.0,116.0,116.0,116.0
2025/12/10,116.0,116.0,116.0,116.0,116.0
2025/12/11,117.0,117.0,115.0,116.0,116.0
2025/12/12,118.0,118.0,118.0,118.0,118.0
2025/12/15,116.0,116.0,116.0,116.0,116.0
2025/12/16,116.0,116.0,115.0,115.0,115.0
2025/12/17,115.0,115.0,115.0,115.0,115.0
2025/12/18,113.0,113.0,113.0,113.0,113.0
2025/12/19,114.0,115.0,114.0,115.0,115.0
2025/12/22,117.0,117.0,117.0,117.0,117.0
2025/12/23,118.0,118.0,117.0,117.0,117.0
2025/12/24,118.0,118.0,118.0,118.0,118.0
2025/12/26,119.0,120.0,119.0,119.0,119.0
2025/12/29,119.0,119.0,119.0,119.0,119.0
2025/12/30,118.0,118.0,118.0,118.0,118.0
2025/12/31,117.0,118.0,117.0,118.0,118.0
2026/01/02,117.0,117.0,117.0,117.0,117.0
2026/01/05,117.0,117.0,117.0,117.0,117.0
2026/01/06,118.0,118.0,118.0,118.0,118.0
2026/01/07,119.0,120.0,119.0,119.0,119.0
2026/01/08,119.0,119.0,118.0,118.0,118.0
2026/01/09,119.0,119.0,119.0,119.0,119.0
2026/01/12,119.0,120.0,119.0,119.0,119.0
2026/01/13,120.0,121.0,120.0,121.0,121.0
2026/01/14,120.0,120.0,120.0,120.0,120.0
2026/01/15,119.0,119.0,119.0,119.0,119.0
2026/01/16,120.0,120.0,120.0,120.0,120.0
2026/01/19,118.0,118.0,117.0,117.0,117.0
2026/01/20,117.0,117.0,117.0,117.0,117.0
2026/01/21,115.0,115.0,115.0,115.0,115.0
2026/01/22,118.0,118.0,118.0,118.0,118.0
2026/01/23,118.0,119.0,118.0,119.0,119.0
2026/01/26,117.0,117.4,117.0,117.2,117.2
2026/01/27,119.15,119.7,119.15,119.7,119.7
2026/01/28,120.0,120.35,120.0,120.2,120.2
2026/01/29,119.4,119.65,118.95,119.65,119.65
2026/01/30,118.7,118.7,117.7,118.25,118.25
2026/02/02,118.35,118.4,116.0,116.35,116.0
2026/02/03,120.45,120.75,120.3,120.55,121.0
2026/02/04,118.25,118.25,118.0,118.1,118.0
2026/02/05,117.45,117.75,116.4,116.75,117.0
2026/02/06,113.0,113.8,112.5,113.2,113.0
2026/02/09,118.7,118.85,118.45,118.65,119.0
2026/02/10,118.85,119.2,118.85,119.15,119.0
2026/02/11,119.05,119.05,118.8,118.8,119.0
2026/02/23,118.8,118.8,115.05,115.05,115.0
2026/02/24,115.0,115.2,114.9,115.1,115.0
2026/02/25,116.15,116.45,115.85,115.85,116.0
2026/02/26,117.15,117.2,116.9,117.05,117.0
2026/03/02,113.55,114.55,113.55,113.6,114.0
2026/03/03,114.9,115.2,114.2,114.35,114.0
2026/03/04,113.9,114.2,112.7,112.8,113.0
2026/03/05,116.1,116.15,115.0,115.4,115.0
2026/03/06,114.9,114.95,114.6,114.95,115.0
2026/03/09,107.65,108.05,106.8,108.05,108.0
2026/03/10,112.75,113.1,112.25,112.9,113.0
2026/03/11,113.6,113.95,113.55,113.7,114.0
2026/03/12,111.2,111.35,110.25,110.7,111.0
2026/03/13,110.5,110.7,110.1,110.25,110.0
2026/03/16,109.45,109.8,109.05,109.65,110.0
2026/03/17,110.15,110.15,109.6,110.15,110.0
2026/03/18,111.05,111.85,111.05,111.8,112.0
2026/03/19,108.2,108.4,107.7,108.05,108.0
2026/03/20,107.45,108.05,107.45,107.7,108.0
2026/03/23,103.85,104.4,103.4,103.9,104.0
2026/03/24,105.95,106.0,105.35,105.35,105.0
2026/03/25,107.3,107.4,106.7,107.35,107.0
2026/03/26,106.75,107.1,105.95,106.0,106.0
2026/03/27,103.35,104.45,103.35,104.45,104.0
2026/03/30,98.75,100.0,98.5,100.0,100.0
2026/03/31,99.85,101.25,99.8,100.45,100.0
2026/04/01,105.0,105.25,104.65,105.15,105.0
2026/04/02,105.5,105.5,103.3,103.4,103.0
